nuts2,year,gdp
AL01,2010,2225.11
AL01,2011,2214.58
AL01,2012,2297.46
AL01,2013,2276.67
AL01,2014,2290.45
AL01,2015,2418.75
AL01,2016,2549.18
AL01,2017,2707.01
AL01,2018,2954.85
AL01,2019,3165.02
AL01,2020,3009.75
AL02,2010,4211.08
AL02,2011,4195.2
AL02,2012,4294.6
AL02,2013,4319.08
AL02,2014,4535.08
AL02,2015,4837.09
AL02,2016,5050.74
AL02,2017,5640.05
AL02,2018,6327.54
AL02,2019,6789.07
AL02,2020,6615.52
AL03,2010,2560.43
AL03,2011,2858.55
AL03,2012,2993.75
AL03,2013,3029.61
AL03,2014,3143.07
AL03,2015,3008.27
AL03,2016,3119.93
AL03,2017,3211.98
AL03,2018,3545.66
AL03,2019,3800.09
AL03,2020,3658.05
AT11,2010,6698.37
AT11,2011,7012.58
AT11,2012,7365.43
AT11,2013,7539.32
AT11,2014,7737.13
AT11,2015,8040.55
AT11,2016,8351.77
AT11,2017,8717.79
AT11,2018,8960.75
AT11,2019,9228.33
AT11,2020,8958
AT11,2021,9498.09
AT12,2010,46285.86
AT12,2011,48511.33
AT12,2012,49802.6
AT12,2013,50470.13
AT12,2014,52049.38
AT12,2015,53884.36
AT12,2016,55570.83
AT12,2017,58207.94
AT12,2018,60471.34
AT12,2019,63016.05
AT12,2020,59861.49
AT12,2021,65034.59
AT13,2010,78130.05
AT13,2011,80747.86
AT13,2012,81981.66
AT13,2013,83117.69
AT13,2014,84749.78
AT13,2015,87284.43
AT13,2016,91942.34
AT13,2017,92880.64
AT13,2018,97152.54
AT13,2019,99673.11
AT13,2020,95384.86
AT13,2021,101960.55
AT21,2010,16582.05
AT21,2011,17548.27
AT21,2012,17771.87
AT21,2013,17907.85
AT21,2014,18419.82
AT21,2015,18717.18
AT21,2016,19093.92
AT21,2017,19910.2
AT21,2018,20862.53
AT21,2019,21428.7
AT21,2020,20877.48
AT21,2021,22691.68
AT22,2010,37576.18
AT22,2011,39466.78
AT22,2012,40955.99
AT22,2013,41303.53
AT22,2014,42710.58
AT22,2015,43721.26
AT22,2016,45542.88
AT22,2017,47499.91
AT22,2018,48774.36
AT22,2019,50899.6
AT22,2020,49014.96
AT22,2021,51595.07
AT31,2010,49592.39
AT31,2011,52574.13
AT31,2012,53978.66
AT31,2013,55424.89
AT31,2014,57136.86
AT31,2015,58650.83
AT31,2016,60754.11
AT31,2017,63010.29
AT31,2018,66135.17
AT31,2019,68000.04
AT31,2020,65815.66
AT31,2021,69994.34
AT32,2010,21867.34
AT32,2011,22947.4
AT32,2012,23886.5
AT32,2013,23965.79
AT32,2014,24504.84
AT32,2015,25603.96
AT32,2016,26805.49
AT32,2017,27652.5
AT32,2018,28648.21
AT32,2019,29758.48
AT32,2020,28553.06
AT32,2021,29926.19
AT33,2010,25591.4
AT33,2011,26948.49
AT33,2012,28190.68
AT33,2013,28939.63
AT33,2014,29853.47
AT33,2015,31193.43
AT33,2016,32355.4
AT33,2017,33386.62
AT33,2018,34825.72
AT33,2019,36075.19
AT33,2020,33994.71
AT33,2021,34593.08
AT34,2010,13443.88
AT34,2011,14241.7
AT34,2012,14583.63
AT34,2013,15116.8
AT34,2014,15860.95
AT34,2015,17040.9
AT34,2016,17060.08
AT34,2017,17964.82
AT34,2018,19306.96
AT34,2019,18952.37
AT34,2020,18439.66
AT34,2021,20716.5
ATZZ,2010,129.07
ATZZ,2011,130.15
ATZZ,2012,134.86
ATZZ,2013,124.57
ATZZ,2014,124.41
ATZZ,2015,131.19
ATZZ,2016,130.06
ATZZ,2017,130.07
ATZZ,2018,136.53
ATZZ,2019,138.76
ATZZ,2020,142.61
ATZZ,2021,138.61
BE10,2010,69086.02
BE10,2011,71211.62
BE10,2012,73165.33
BE10,2013,73996.67
BE10,2014,76063.94
BE10,2015,78923.78
BE10,2016,80108.98
BE10,2017,82258.01
BE10,2018,84237.94
BE10,2019,87451.34
BE10,2020,83233.87
BE10,2021,90458.97
BE21,2010,68034.94
BE21,2011,70963.63
BE21,2012,73214.58
BE21,2013,74425.63
BE21,2014,76009.28
BE21,2015,79399.75
BE21,2016,82310.74
BE21,2017,85077.73
BE21,2018,87852.28
BE21,2019,91699.29
BE21,2020,89919.27
BE21,2021,98188.6
BE22,2010,22464.17
BE22,2011,23653.28
BE22,2012,24132.91
BE22,2013,24499.43
BE22,2014,25492.15
BE22,2015,25879.69
BE22,2016,26789.9
BE22,2017,27865.47
BE22,2018,28728.56
BE22,2019,29538.98
BE22,2020,28759.37
BE22,2021,31765.99
BE23,2010,43035.65
BE23,2011,44795.55
BE23,2012,46065.4
BE23,2013,47151.27
BE23,2014,47919.5
BE23,2015,50199.86
BE23,2016,52023.45
BE23,2017,54304.33
BE23,2018,55670.76
BE23,2019,57687.21
BE23,2020,56311.96
BE23,2021,62123.11
BE24,2010,38075.25
BE24,2011,39327.9
BE24,2012,41014.57
BE24,2013,41804.6
BE24,2014,42760.78
BE24,2015,44547.34
BE24,2016,46548.73
BE24,2017,48158.68
BE24,2018,50024.55
BE24,2019,52007.07
BE24,2020,47197.63
BE24,2021,51730.89
BE25,2010,36531.87
BE25,2011,37824.86
BE25,2012,38997.91
BE25,2013,39936.97
BE25,2014,41053.13
BE25,2015,42102.62
BE25,2016,43727.76
BE25,2017,45241.89
BE25,2018,46597.39
BE25,2019,48492.02
BE25,2020,47251
BE25,2021,52322.6
BE31,2010,14600.64
BE31,2011,13791.38
BE31,2012,14535.3
BE31,2013,15209.17
BE31,2014,15884.31
BE31,2015,16274.61
BE31,2016,17319.76
BE31,2017,18175.87
BE31,2018,20195.88
BE31,2019,22736.7
BE31,2020,21141.19
BE31,2021,21154.95
BE32,2010,28122.31
BE32,2011,29362.42
BE32,2012,29696.97
BE32,2013,29983.23
BE32,2014,30746.54
BE32,2015,31410.76
BE32,2016,32056.09
BE32,2017,33009.56
BE32,2018,34206.21
BE32,2019,34838.62
BE32,2020,33639.18
BE32,2021,36939.7
BE33,2010,25943.11
BE33,2011,27199.42
BE33,2012,27373.34
BE33,2013,27672.53
BE33,2014,28371.54
BE33,2015,28876.29
BE33,2016,29694.63
BE33,2017,30799.97
BE33,2018,31722.93
BE33,2019,32793.5
BE33,2020,31476.12
BE33,2021,34715.34
BE34,2010,5872.54
BE34,2011,6119
BE34,2012,5984.85
BE34,2013,6047.09
BE34,2014,6301.73
BE34,2015,6481.34
BE34,2016,6604.05
BE34,2017,6864.28
BE34,2018,7056.42
BE34,2019,7322.35
BE34,2020,7165.66
BE34,2021,7886.71
BE35,2010,11128.86
BE35,2011,11465.28
BE35,2012,11726.41
BE35,2013,11881.71
BE35,2014,12130.92
BE35,2015,12346.72
BE35,2016,12720.25
BE35,2017,13102.96
BE35,2018,13509.46
BE35,2019,13801.37
BE35,2020,13452.04
BE35,2021,14697.44
BEZZ,2010,244.75
BEZZ,2011,253.47
BEZZ,2012,267.14
BEZZ,2013,271.68
BEZZ,2014,269.46
BEZZ,2015,258.64
BEZZ,2016,180.98
BEZZ,2017,191.34
BEZZ,2018,248.42
BEZZ,2019,276.56
BEZZ,2020,279.02
BEZZ,2021,327.29
BG31,2010,2794.92
BG31,2011,3006.43
BG31,2012,3002.77
BG31,2013,2956.04
BG31,2014,3060.45
BG31,2015,3089.26
BG31,2016,3223.61
BG31,2017,3540.12
BG31,2018,3937.49
BG31,2019,3960.87
BG31,2020,4210.31
BG31,2021,5034.47
BG32,2010,3012.43
BG32,2011,3271.94
BG32,2012,3404.68
BG32,2013,3427.02
BG32,2014,3555.62
BG32,2015,3640.55
BG32,2016,3799.2
BG32,2017,4050.61
BG32,2018,4314.88
BG32,2019,4583.46
BG32,2020,4607.46
BG32,2021,5361.87
BG33,2010,4041.53
BG33,2011,4439.24
BG33,2012,4598.21
BG33,2013,4571.71
BG33,2014,4779.25
BG33,2015,4977.56
BG33,2016,5176.46
BG33,2017,5543.28
BG33,2018,5970.67
BG33,2019,6340.55
BG33,2020,6219.61
BG33,2021,7103.01
BG34,2010,4656.06
BG34,2011,4940.61
BG34,2012,5193.16
BG34,2013,5215.8
BG34,2014,5453.78
BG34,2015,5598.57
BG34,2016,6343.43
BG34,2017,6762.27
BG34,2018,6794
BG34,2019,6857.94
BG34,2020,6390.38
BG34,2021,8210.09
BG41,2010,18371.54
BG41,2011,20002.65
BG41,2012,20021.95
BG41,2013,19921.51
BG41,2014,20317.16
BG41,2015,22018.71
BG41,2016,23400.78
BG41,2017,25287.09
BG41,2018,27240.3
BG41,2019,31099.35
BG41,2020,31190.71
BG41,2021,35868.53
BG42,2010,5408.46
BG42,2011,5818.05
BG42,2012,6036.07
BG42,2013,5958.15
BG42,2014,5859.77
BG42,2015,6487.69
BG42,2016,6829.64
BG42,2017,7347.87
BG42,2018,7967.42
BG42,2019,8716.26
BG42,2020,9020.47
BG42,2021,9498.98
CH01,2011,95196.33
CH01,2012,98566.49
CH01,2013,97376.25
CH01,2014,100296.4
CH01,2015,113909.88
CH01,2016,115220.93
CH01,2017,112736.95
CH01,2018,113827.14
CH02,2011,104075.75
CH02,2012,107177.75
CH02,2013,107212.42
CH02,2014,110818.56
CH02,2015,126916.69
CH02,2016,124103.21
CH02,2017,122341.37
CH02,2018,120988.07
CH03,2011,73118.04
CH03,2012,75171.54
CH03,2013,74532.89
CH03,2014,76940.15
CH03,2015,88595.21
CH03,2016,89202.21
CH03,2017,90280.53
CH03,2018,89153.37
CH04,2011,111471.67
CH04,2012,116706.19
CH04,2013,114763.11
CH04,2014,118650.79
CH04,2015,135055.72
CH04,2016,133213.81
CH04,2017,133379.32
CH04,2018,134937.13
CH05,2011,62941.93
CH05,2012,64802.38
CH05,2013,64957.2
CH05,2014,66710.96
CH05,2015,75520.46
CH05,2016,75181.33
CH05,2017,73824.69
CH05,2018,72705.62
CH06,2011,47066.75
CH06,2012,48743.99
CH06,2013,49658.08
CH06,2014,50555.34
CH06,2015,57558.37
CH06,2016,57303.25
CH06,2017,56912.58
CH06,2018,56263.47
CH07,2011,21900.01
CH07,2012,22844.45
CH07,2013,23229.15
CH07,2014,24042.29
CH07,2015,27976.4
CH07,2016,27540.35
CH07,2017,26300.85
CH07,2018,26429.62
CY00,2010,19461.13
CY00,2011,19858.08
CY00,2012,19495.37
CY00,2013,18040.35
CY00,2014,17482.8
CY00,2015,17944.15
CY00,2016,19013.82
CY00,2017,20312.44
CY00,2018,21675.1
CY00,2019,23176.23
CY00,2020,21894.9
CY00,2021,24018.85
CZ01,2010,42696.63
CZ01,2011,43101.45
CZ01,2012,42458.38
CZ01,2013,41988.34
CZ01,2014,41425.82
CZ01,2015,45136.87
CZ01,2016,47541.94
CZ01,2017,51888.71
CZ01,2018,57682.51
CZ01,2019,61601.72
CZ01,2020,58851
CZ01,2021,65413.19
CZ02,2010,16655.66
CZ02,2011,18103.7
CZ02,2012,18016.22
CZ02,2013,17388.07
CZ02,2014,17627.86
CZ02,2015,18960.62
CZ02,2016,20374.23
CZ02,2017,22455.76
CZ02,2018,23918.85
CZ02,2019,26752.43
CZ02,2020,24554.7
CZ02,2021,26862.88
CZ03,2010,15709.06
CZ03,2011,16374.32
CZ03,2012,16040.55
CZ03,2013,15953.31
CZ03,2014,15692.96
CZ03,2015,16685.17
CZ03,2016,17373.29
CZ03,2017,19109.2
CZ03,2018,20617.64
CZ03,2019,21839.53
CZ03,2020,21087.81
CZ03,2021,22996.36
CZ04,2010,12896.31
CZ04,2011,13227.24
CZ04,2012,12968.18
CZ04,2013,12500.61
CZ04,2014,12112.23
CZ04,2015,13057.51
CZ04,2016,13178.1
CZ04,2017,14268.07
CZ04,2018,15115.97
CZ04,2019,16282.37
CZ04,2020,15252.17
CZ04,2021,16530.14
CZ05,2010,18130.88
CZ05,2011,19172.84
CZ05,2012,18491.01
CZ05,2013,18285.65
CZ05,2014,18204.12
CZ05,2015,19512.63
CZ05,2016,20538.64
CZ05,2017,22780.23
CZ05,2018,24550.4
CZ05,2019,26104.2
CZ05,2020,25435.67
CZ05,2021,27773.24
CZ06,2010,22299.02
CZ06,2011,23740.94
CZ06,2012,23630.57
CZ06,2013,23606.23
CZ06,2014,22869.28
CZ06,2015,24513.18
CZ06,2016,25333.78
CZ06,2017,27655.3
CZ06,2018,30225.57
CZ06,2019,32403.02
CZ06,2020,32092.18
CZ06,2021,35334.17
CZ07,2010,14396.45
CZ07,2011,15280.01
CZ07,2012,14988.37
CZ07,2013,14700.51
CZ07,2014,14770.91
CZ07,2015,15726.08
CZ07,2016,16441.13
CZ07,2017,18070.69
CZ07,2018,19343.63
CZ07,2019,20772.66
CZ07,2020,19970.82
CZ07,2021,22155.28
CZ08,2010,15136.81
CZ08,2011,16201.73
CZ08,2012,15994.18
CZ08,2013,15038.84
CZ08,2014,15118.06
CZ08,2015,15966.14
CZ08,2016,16657.4
CZ08,2017,17904.95
CZ08,2018,19515.96
CZ08,2019,19857.55
CZ08,2020,18561.03
CZ08,2021,21184.23
DE11,2010,160270.92
DE11,2011,170365.17
DE11,2012,175849.17
DE11,2013,180470.23
DE11,2014,187384.86
DE11,2015,198850.19
DE11,2016,201929.14
DE11,2017,213043.33
DE11,2018,222259.44
DE11,2019,222458.26
DE11,2020,215475.57
DE11,2021,228221.68
DE12,2010,97379.29
DE12,2011,101910.76
DE12,2012,103103.95
DE12,2013,105006.11
DE12,2014,109251.07
DE12,2015,113393.3
DE12,2016,116091.12
DE12,2017,121332.53
DE12,2018,125349.02
DE12,2019,129095.78
DE12,2020,125426.43
DE12,2021,132252.23
DE13,2010,65611.45
DE13,2011,69679.68
DE13,2012,70820.85
DE13,2013,73082.53
DE13,2014,76710.87
DE13,2015,79014.61
DE13,2016,81276.92
DE13,2017,84325.92
DE13,2018,87463.17
DE13,2019,90601.11
DE13,2020,88676.25
DE13,2021,93847.55
DE14,2010,59635.41
DE14,2011,63652.87
DE14,2012,64833.96
DE14,2013,66807.63
DE14,2014,69335.85
DE14,2015,72087.91
DE14,2016,75618.64
DE14,2017,78596.75
DE14,2018,81476.73
DE14,2019,84626.48
DE14,2020,83177.93
DE14,2021,88301.26
DE21,2010,195130.47
DE21,2011,209775.43
DE21,2012,216346.92
DE21,2013,225083.98
DE21,2014,234156.72
DE21,2015,245114.86
DE21,2016,255771.58
DE21,2017,268797.16
DE21,2018,273993.75
DE21,2019,286479.29
DE21,2020,280964.19
DE21,2021,296742.93
DE22,2010,36652.07
DE22,2011,39174.78
DE22,2012,39145.71
DE22,2013,40316.14
DE22,2014,42811.32
DE22,2015,43883.57
DE22,2016,45534.06
DE22,2017,47926.25
DE22,2018,48436.53
DE22,2019,50278.01
DE22,2020,49951.56
DE22,2021,52913.74
DE23,2010,34601.81
DE23,2011,36823.82
DE23,2012,37654.05
DE23,2013,38675.06
DE23,2014,41027.3
DE23,2015,42167.13
DE23,2016,43575.02
DE23,2017,46171.65
DE23,2018,47139.68
DE23,2019,48680.15
DE23,2020,48408.94
DE23,2021,51234.11
DE24,2010,30812.44
DE24,2011,32509.9
DE24,2012,33272.79
DE24,2013,33917.58
DE24,2014,35070.77
DE24,2015,36735.62
DE24,2016,38118.81
DE24,2017,39994.19
DE24,2018,40942.13
DE24,2019,42030.6
DE24,2020,41380.64
DE24,2021,43590.96
DE25,2010,58315.09
DE25,2011,61933.78
DE25,2012,64204.87
DE25,2013,65840.01
DE25,2014,68544
DE25,2015,70811.3
DE25,2016,73937.96
DE25,2017,77435.22
DE25,2018,80179.21
DE25,2019,82965.36
DE25,2020,81477.3
DE25,2021,86003.3
DE26,2010,41373.29
DE26,2011,44416.04
DE26,2012,45034.41
DE26,2013,45816.21
DE26,2014,47398.06
DE26,2015,48545.3
DE26,2016,50561.41
DE26,2017,52632.5
DE26,2018,53791.47
DE26,2019,55196.23
DE26,2020,53915.99
DE26,2021,56993.79
DE27,2010,55243
DE27,2011,58841.17
DE27,2012,60853.37
DE27,2013,62294.17
DE27,2014,65057.58
DE27,2015,67430.32
DE27,2016,70218.51
DE27,2017,72794.68
DE27,2018,75272.27
DE27,2019,77830.75
DE27,2020,76286.13
DE27,2021,80666.54
DE30,2010,103051.7
DE30,2011,108111.27
DE30,2012,109771.99
DE30,2013,112881.34
DE30,2014,118518.73
DE30,2015,124913.91
DE30,2016,133210.31
DE30,2017,141322.11
DE30,2018,149869.8
DE30,2019,157443.97
DE30,2020,156034.81
DE30,2021,163828.13
DE40,2010,55769.62
DE40,2011,57467.92
DE40,2012,58904.61
DE40,2013,60536.7
DE40,2014,63741.58
DE40,2015,65348.29
DE40,2016,67453.09
DE40,2017,70643.98
DE40,2018,72761.37
DE40,2019,76045.83
DE40,2020,75624.39
DE40,2021,78900.56
DE50,2010,26358.48
DE50,2011,27245.11
DE50,2012,28516.51
DE50,2013,28824.27
DE50,2014,29797.97
DE50,2015,30494
DE50,2016,31359.68
DE50,2017,32388.65
DE50,2018,32926.18
DE50,2019,33154.45
DE50,2020,32572.78
DE50,2021,34368.67
DE60,2010,93642.59
DE60,2011,94663.57
DE60,2012,97009.22
DE60,2013,101144.78
DE60,2014,103431.26
DE60,2015,108166.3
DE60,2016,110541.4
DE60,2017,116588.58
DE60,2018,119035.09
DE60,2019,124631.33
DE60,2020,118901.2
DE60,2021,127346.52
DE71,2010,162967.9
DE71,2011,170367.27
DE71,2012,170938.06
DE71,2013,174958.73
DE71,2014,182514.07
DE71,2015,187006.04
DE71,2016,194648.3
DE71,2017,201150.69
DE71,2018,205559.34
DE71,2019,211911.34
DE71,2020,206915.95
DE71,2021,218548.96
DE72,2010,28420.16
DE72,2011,29723.63
DE72,2012,29788.44
DE72,2013,30246.45
DE72,2014,31700.69
DE72,2015,32374.59
DE72,2016,33642.85
DE72,2017,35130.03
DE72,2018,36245.5
DE72,2019,37424.12
DE72,2020,37108.87
DE72,2021,39153.56
DE73,2010,35315.34
DE73,2011,36836.27
DE73,2012,37224.63
DE73,2013,38254.03
DE73,2014,39550.43
DE73,2015,40882.32
DE73,2016,42863.59
DE73,2017,43813.48
DE73,2018,44470.7
DE73,2019,46186.32
DE73,2020,44611.66
DE73,2021,47299.09
DE80,2010,34651.38
DE80,2011,36159.9
DE80,2012,36420.65
DE80,2013,37627.02
DE80,2014,39406.52
DE80,2015,40070.43
DE80,2016,41088.88
DE80,2017,44182.99
DE80,2018,44341.5
DE80,2019,47569.48
DE80,2020,47032.33
DE80,2021,49586.97
DE91,2010,56338.4
DE91,2011,60910.94
DE91,2012,61477.76
DE91,2013,62307.85
DE91,2014,65656.08
DE91,2015,63148.81
DE91,2016,74103.35
DE91,2017,74136.53
DE91,2018,78008.08
DE91,2019,81804.97
DE91,2020,76806.55
DE91,2021,80362.9
DE92,2010,65459.62
DE92,2011,68978.71
DE92,2012,70175.31
DE92,2013,70113.88
DE92,2014,72946.28
DE92,2015,74293.55
DE92,2016,78183.78
DE92,2017,80200.61
DE92,2018,82720.41
DE92,2019,85845.24
DE92,2020,84639.05
DE92,2021,88400.38
DE93,2010,35994.95
DE93,2011,38097.95
DE93,2012,39512.83
DE93,2013,40637.28
DE93,2014,42617.31
DE93,2015,43722.74
DE93,2016,44621.38
DE93,2017,46227.43
DE93,2018,47856.08
DE93,2019,50158.16
DE93,2020,50119.79
DE93,2021,52524.28
DE94,2010,67967.34
DE94,2011,71737.37
DE94,2012,73651.09
DE94,2013,74824.08
DE94,2014,77838.15
DE94,2015,80233.53
DE94,2016,83702.98
DE94,2017,87336.98
DE94,2018,88901.9
DE94,2019,92866.94
DE94,2020,92830.44
DE94,2021,97346
DEA1,2010,176390.54
DEA1,2011,182797
DEA1,2012,182687.74
DEA1,2013,185682.15
DEA1,2014,192576.12
DEA1,2015,197320.04
DEA1,2016,201660.25
DEA1,2017,210123.17
DEA1,2018,217664.27
DEA1,2019,220893.47
DEA1,2020,216380.55
DEA1,2021,227643.9
DEA2,2010,146643.46
DEA2,2011,151827.32
DEA2,2012,154238.55
DEA2,2013,159228.19
DEA2,2014,165778.28
DEA2,2015,174214.81
DEA2,2016,178093.87
DEA2,2017,185499.06
DEA2,2018,192755.73
DEA2,2019,194646.3
DEA2,2020,189355.59
DEA2,2021,199040.02
DEA3,2010,70468.55
DEA3,2011,73573.73
DEA3,2012,74530.69
DEA3,2013,74726.53
DEA3,2014,76806.43
DEA3,2015,79304.26
DEA3,2016,82180.27
DEA3,2017,85736.98
DEA3,2018,87998.18
DEA3,2019,91183.59
DEA3,2020,91047.11
DEA3,2021,95788.18
DEA4,2010,59844.16
DEA4,2011,63450.54
DEA4,2012,64849.37
DEA4,2013,66773.78
DEA4,2014,69971.72
DEA4,2015,71378.8
DEA4,2016,73861.86
DEA4,2017,75935.9
DEA4,2018,78453.38
DEA4,2019,81135.75
DEA4,2020,80833.3
DEA4,2021,85137.56
DEA5,2010,100865.98
DEA5,2011,105474.08
DEA5,2012,106403.71
DEA5,2013,107945.66
DEA5,2014,112337.85
DEA5,2015,115052.53
DEA5,2016,117578.4
DEA5,2017,121675.23
DEA5,2018,125969.45
DEA5,2019,128794.23
DEA5,2020,125362.16
DEA5,2021,131844.6
DEB1,2010,38776.33
DEB1,2011,40457.75
DEB1,2012,41267.31
DEB1,2013,42237.16
DEB1,2014,44215.3
DEB1,2015,45616.4
DEB1,2016,46651.52
DEB1,2017,48811.19
DEB1,2018,50108.12
DEB1,2019,51811.27
DEB1,2020,51594.09
DEB1,2021,55229.18
DEB2,2010,12622.91
DEB2,2011,13344.39
DEB2,2012,13572.83
DEB2,2013,14059.36
DEB2,2014,14459.04
DEB2,2015,14997.98
DEB2,2016,15533.25
DEB2,2017,15784.08
DEB2,2018,16200.35
DEB2,2019,16696.81
DEB2,2020,16564.88
DEB2,2021,17741.31
DEB3,2010,61075.35
DEB3,2011,63520.53
DEB3,2012,65649.93
DEB3,2013,66719.63
DEB3,2014,68853.36
DEB3,2015,72309.51
DEB3,2016,74116.5
DEB3,2017,75522.08
DEB3,2018,76864.1
DEB3,2019,78432.13
DEB3,2020,76664.5
DEB3,2021,90983.64
DEC0,2010,30048.54
DEC0,2011,31789.9
DEC0,2012,32017.61
DEC0,2013,31715.72
DEC0,2014,33254.37
DEC0,2015,34038.66
DEC0,2016,34264.01
DEC0,2017,35346.99
DEC0,2018,35862.23
DEC0,2019,35845.81
DEC0,2020,34535
DEC0,2021,35954.85
DED2,2010,37722.45
DED2,2011,39168.53
DED2,2012,39808.12
DED2,2013,41235.17
DED2,2014,43143.66
DED2,2015,45499.73
DED2,2016,46681.56
DED2,2017,48432.02
DED2,2018,50105.73
DED2,2019,52165.38
DED2,2020,51672.77
DED2,2021,54424.76
DED4,2010,33038.63
DED4,2011,34551.6
DED4,2012,34866.16
DED4,2013,35201.01
DED4,2014,36883.19
DED4,2015,37870.38
DED4,2016,39060.19
DED4,2017,40353.82
DED4,2018,41096.57
DED4,2019,42298.85
DED4,2020,41184.6
DED4,2021,43419.75
DED5,2010,24057.08
DED5,2011,25683.09
DED5,2012,26655.58
DED5,2013,27702.55
DED5,2014,29300.69
DED5,2015,30217.79
DED5,2016,31495.08
DED5,2017,33058.36
DED5,2018,33987.62
DED5,2019,35898.17
DED5,2020,35662.92
DED5,2021,37483.57
DEE0,2010,51119.81
DEE0,2011,51982.67
DEE0,2012,54120.08
DEE0,2013,55049.22
DEE0,2014,56317.91
DEE0,2015,57395.94
DEE0,2016,58990.85
DEE0,2017,60908.52
DEE0,2018,62104
DEE0,2019,64704.2
DEE0,2020,63930.37
DEE0,2021,67628.59
DEF0,2010,72934.88
DEF0,2011,75930.13
DEF0,2012,78768.27
DEF0,2013,80006.91
DEF0,2014,82868.07
DEF0,2015,84799.05
DEF0,2016,87511.53
DEF0,2017,92619.9
DEF0,2018,95036.97
DEF0,2019,99605.06
DEF0,2020,99319.03
DEF0,2021,104970.92
DEG0,2010,47828.59
DEG0,2011,50625.42
DEG0,2012,51362.82
DEG0,2013,53400.89
DEG0,2014,56196.53
DEG0,2015,57475.51
DEG0,2016,59008.12
DEG0,2017,61180.4
DEG0,2018,62243.96
DEG0,2019,63864.81
DEG0,2020,62984.44
DEG0,2021,66025.07
DK01,2010,93399.91
DK01,2011,93288.54
DK01,2012,97256.43
DK01,2013,100665.87
DK01,2014,105454.55
DK01,2015,111122.73
DK01,2016,114206.24
DK01,2017,120180.22
DK01,2018,123896.12
DK01,2019,126164.56
DK01,2020,127838.27
DK01,2021,143429.5
DK02,2010,24547.41
DK02,2011,24744.88
DK02,2012,25470.62
DK02,2013,25452.3
DK02,2014,25982.97
DK02,2015,27592.27
DK02,2016,27994.79
DK02,2017,29174.64
DK02,2018,29946.35
DK02,2019,31036.52
DK02,2020,31007.8
DK02,2021,32412.75
DK03,2010,47069.35
DK03,2011,48275.04
DK03,2012,49040.87
DK03,2013,50154.47
DK03,2014,51473.07
DK03,2015,52592.07
DK03,2016,54162.58
DK03,2017,55445.69
DK03,2018,56444.58
DK03,2019,58118.97
DK03,2020,58517.33
DK03,2021,61685.89
DK04,2010,49135.59
DK04,2011,51001.38
DK04,2012,51529.72
DK04,2013,52311.72
DK04,2014,53675.21
DK04,2015,54150.95
DK04,2016,58887.63
DK04,2017,61143.11
DK04,2018,62349.17
DK04,2019,64902.28
DK04,2020,66466.58
DK04,2021,69727.31
DK05,2010,21366.13
DK05,2011,21628.15
DK05,2012,22342.4
DK05,2013,22603.35
DK05,2014,22880.11
DK05,2015,23613.64
DK05,2016,24388.31
DK05,2017,25456.44
DK05,2018,25694.3
DK05,2019,26179.69
DK05,2020,26026.23
DK05,2021,26934.4
DKZZ,2010,7646.89
DKZZ,2011,8941.76
DKZZ,2012,8937.92
DKZZ,2013,7555.11
DKZZ,2014,6291.05
DKZZ,2015,3946.04
DKZZ,2016,3469.96
DKZZ,2017,3408.22
DKZZ,2018,3998.15
DKZZ,2019,3124.38
DKZZ,2020,1903.47
DKZZ,2021,2529
EE00,2010,14741.1
EE00,2011,16677.26
EE00,2012,17916.68
EE00,2013,18910.78
EE00,2014,20048.23
EE00,2015,20631.36
EE00,2016,21747.91
EE00,2017,23833.61
EE00,2018,25932.18
EE00,2019,27764.72
EE00,2020,27464.98
EE00,2021,31444.91
EL30,2010,108739.1
EL30,2011,98648.59
EL30,2012,90148.09
EL30,2013,86155.82
EL30,2014,84639.89
EL30,2015,83616.8
EL30,2016,83007.42
EL30,2017,84535.19
EL30,2018,85687.84
EL30,2019,87642.35
EL30,2020,78993.18
EL30,2021,85768.85
EL41,2010,3174.77
EL41,2011,2896.87
EL41,2012,2693.03
EL41,2013,2568.12
EL41,2014,2558.09
EL41,2015,2495.15
EL41,2016,2433.03
EL41,2017,2433.49
EL41,2018,2466.8
EL41,2019,2558.48
EL41,2020,2330.79
EL41,2021,2541.48
EL42,2010,7211.32
EL42,2011,6564.38
EL42,2012,6080.02
EL42,2013,6080.9
EL42,2014,6172.65
EL42,2015,6087.6
EL42,2016,5854.81
EL42,2017,5920.14
EL42,2018,6133.85
EL42,2019,6338.53
EL42,2020,5066.36
EL42,2021,5975.63
EL43,2010,10863.07
EL43,2011,9588.22
EL43,2012,8731.83
EL43,2013,8607.98
EL43,2014,8821.48
EL43,2015,8825.78
EL43,2016,8605.56
EL43,2017,8824.39
EL43,2018,9013.24
EL43,2019,9211.83
EL43,2020,7877.6
EL43,2021,8913.12
EL51,2010,9160.13
EL51,2011,8011.3
EL51,2012,7472.14
EL51,2013,6982.7
EL51,2014,6813.45
EL51,2015,6786.1
EL51,2016,6807.55
EL51,2017,6806.94
EL51,2018,6888.03
EL51,2019,6976.48
EL51,2020,6509.48
EL51,2021,7137.72
EL52,2010,30135.73
EL52,2011,27534.82
EL52,2012,25475.58
EL52,2013,23965.76
EL52,2014,23419.03
EL52,2015,23816.97
EL52,2016,23801.45
EL52,2017,24036.55
EL52,2018,24600.6
EL52,2019,24989.91
EL52,2020,22555.95
EL52,2021,24891.82
EL53,2010,5093.52
EL53,2011,4980.49
EL53,2012,5345.34
EL53,2013,5049.39
EL53,2014,4943.59
EL53,2015,4705.43
EL53,2016,4312.51
EL53,2017,4297.51
EL53,2018,4159.13
EL53,2019,3896.09
EL53,2020,3381.19
EL53,2021,3701.59
EL54,2010,4945.77
EL54,2011,4548.25
EL54,2012,4153.97
EL54,2013,4044.52
EL54,2014,3985.2
EL54,2015,3928.76
EL54,2016,3892.35
EL54,2017,3870.26
EL54,2018,3935.39
EL54,2019,4034.4
EL54,2020,3685.35
EL54,2021,4048.64
EL61,2010,10764.57
EL61,2011,9717.56
EL61,2012,9297.96
EL61,2013,8942.47
EL61,2014,8893.53
EL61,2015,8987.69
EL61,2016,8842.57
EL61,2017,8918.03
EL61,2018,9080.52
EL61,2019,9365.17
EL61,2020,8672.05
EL61,2021,9337.06
EL62,2010,3972.27
EL62,2011,3421.85
EL62,2012,3208.91
EL62,2013,3078.63
EL62,2014,3152.7
EL62,2015,3085.6
EL62,2016,3034.09
EL62,2017,3049.68
EL62,2018,3154.65
EL62,2019,3264.53
EL62,2020,2618.66
EL62,2021,3056.44
EL63,2010,10523.64
EL63,2011,9367.1
EL63,2012,8770.14
EL63,2013,8232.21
EL63,2014,8088.91
EL63,2015,8033.85
EL63,2016,7832.28
EL63,2017,7838.24
EL63,2018,7947.71
EL63,2019,8114.58
EL63,2020,7537.58
EL63,2021,8220.02
EL64,2010,10025.41
EL64,2011,9231.88
EL64,2012,8660.32
EL64,2013,8167.33
EL64,2014,7935.06
EL64,2015,8026.88
EL64,2016,8136.45
EL64,2017,8312.83
EL64,2018,8434.24
EL64,2019,8615.59
EL64,2020,8497.85
EL64,2021,9634.6
EL65,2010,9514.69
EL65,2011,8796.88
EL65,2012,8343.29
EL65,2013,8008.58
EL65,2014,7812.44
EL65,2015,7972.27
EL65,2016,7934.11
EL65,2017,8060.16
EL65,2018,8055.71
EL65,2019,8343.26
EL65,2020,7679.87
EL65,2021,8447.63
ES11,2010,56767.16
ES11,2011,55767.74
ES11,2012,53968.72
ES11,2013,53967.66
ES11,2014,54240.53
ES11,2015,56697.87
ES11,2016,58271.7
ES11,2017,60397.89
ES11,2018,62425.14
ES11,2019,64219.58
ES11,2020,58638.07
ES11,2021,63230.37
ES12,2010,22733.64
ES12,2011,22375.9
ES12,2012,21363.73
ES12,2013,20768.58
ES12,2014,20679.63
ES12,2015,21389.58
ES12,2016,21692.92
ES12,2017,22595.57
ES12,2018,23225.85
ES12,2019,23711.32
ES12,2020,21271.13
ES12,2021,23441.6
ES13,2010,12836.86
ES13,2011,12623.14
ES13,2012,12166.53
ES13,2013,11879.01
ES13,2014,12075.29
ES13,2015,12336.2
ES13,2016,12735.84
ES13,2017,13228.83
ES13,2018,13743.45
ES13,2019,14180.48
ES13,2020,12838.52
ES13,2021,13845.92
ES21,2010,64680.67
ES21,2011,64130.35
ES21,2012,62554.87
ES21,2013,61675.45
ES21,2014,62737.26
ES21,2015,65027.72
ES21,2016,67114.16
ES21,2017,69660.94
ES21,2018,71921.91
ES21,2019,74074.58
ES21,2020,66421.85
ES21,2021,71706.52
ES22,2010,17973.57
ES22,2011,17941.74
ES22,2012,17281.04
ES22,2013,17248.42
ES22,2014,17518.34
ES22,2015,18154.11
ES22,2016,18743.96
ES22,2017,19528.85
ES22,2018,20063.21
ES22,2019,20873.24
ES22,2020,18942.13
ES22,2021,20378.37
ES23,2010,7977.73
ES23,2011,7907.91
ES23,2012,7635.88
ES23,2013,7545.84
ES23,2014,7692.96
ES23,2015,7966.44
ES23,2016,8013.76
ES23,2017,8295.6
ES23,2018,8602.78
ES23,2019,8821.87
ES23,2020,8113.67
ES23,2021,8614.43
ES24,2010,33828.88
ES24,2011,33367.97
ES24,2012,31961.33
ES24,2013,32111.41
ES24,2014,32322.29
ES24,2015,32896.55
ES24,2016,34210.57
ES24,2017,35640.17
ES24,2018,36867.64
ES24,2019,38049.47
ES24,2020,35464.3
ES24,2021,37964.55
ES30,2010,197145.37
ES30,2011,198464.97
ES30,2012,195087.39
ES30,2013,192125.74
ES30,2014,194444.33
ES30,2015,204157.47
ES30,2016,212361.42
ES30,2017,222565.75
ES30,2018,231423.11
ES30,2019,242093.62
ES30,2020,218468.53
ES30,2021,234639.48
ES41,2010,54970.02
ES41,2011,54575.1
ES41,2012,52865.14
ES41,2013,51551.59
ES41,2014,51596.42
ES41,2015,53272.98
ES41,2016,54764.02
ES41,2017,56059.25
ES41,2018,58545.33
ES41,2019,59798.17
ES41,2020,54822.91
ES41,2021,58119.46
ES42,2010,38706.52
ES42,2011,38259
ES42,2012,36887.74
ES42,2013,36187.44
ES42,2014,35394.64
ES42,2015,37138.56
ES42,2016,38314.43
ES42,2017,39897.18
ES42,2018,41481.21
ES42,2019,42399.21
ES42,2020,39341.94
ES42,2021,42285.6
ES43,2010,18135.75
ES43,2011,17737.72
ES43,2012,17063.58
ES43,2013,17075.53
ES43,2014,17045.08
ES43,2015,17915.14
ES43,2016,18504.83
ES43,2017,19538.77
ES43,2018,20091.94
ES43,2019,20478.51
ES43,2020,18890.62
ES43,2021,20117.3
ES51,2010,201706.24
ES51,2011,198905.57
ES51,2012,193435.83
ES51,2013,192183.73
ES51,2014,195575.33
ES51,2015,204481.24
ES51,2016,212655.65
ES51,2017,221482.47
ES51,2018,229082.63
ES51,2019,238308.41
ES51,2020,212438.35
ES51,2021,229417.94
ES52,2010,101201.45
ES52,2011,99706.72
ES52,2012,95170.73
ES52,2013,94418.23
ES52,2014,96446.39
ES52,2015,100186.24
ES52,2016,103220.18
ES52,2017,107799.72
ES52,2018,111743.34
ES52,2019,115606.05
ES52,2020,104671.08
ES52,2021,112603.76
ES53,2010,26535.06
ES53,2011,26398.11
ES53,2012,25977.11
ES53,2013,25967.61
ES53,2014,26811.82
ES53,2015,28271.07
ES53,2016,29826.69
ES53,2017,31387.14
ES53,2018,32740.74
ES53,2019,33935.25
ES53,2020,26186.46
ES53,2021,30321.42
ES61,2010,144751.86
ES61,2011,143389.59
ES61,2012,137997.13
ES61,2013,136208.15
ES61,2014,137908.88
ES61,2015,144858.45
ES61,2016,148401.18
ES61,2017,155396.8
ES61,2018,160586.36
ES61,2019,164929.57
ES61,2020,148844.17
ES61,2021,160746.99
ES62,2010,27912.8
ES62,2011,27236.55
ES62,2012,26507.59
ES62,2013,26591
ES62,2014,26739.79
ES62,2015,28509.16
ES62,2016,29367.27
ES62,2017,30541.47
ES62,2018,31093.78
ES62,2019,32319.28
ES62,2020,29720.17
ES62,2021,32205.37
ES63,2010,1578.35
ES63,2011,1575.72
ES63,2012,1525.44
ES63,2013,1552.72
ES63,2014,1544.96
ES63,2015,1597.91
ES63,2016,1636.47
ES63,2017,1660.22
ES63,2018,1720.56
ES63,2019,1775.18
ES63,2020,1662.63
ES63,2021,1760.06
ES64,2010,1416.16
ES64,2011,1417.28
ES64,2012,1369.96
ES64,2013,1390.77
ES64,2014,1404.41
ES64,2015,1462.46
ES64,2016,1506.44
ES64,2017,1520.12
ES64,2018,1578.01
ES64,2019,1625.23
ES64,2020,1522.34
ES64,2021,1609.6
ES70,2010,40811.49
ES70,2011,40595.34
ES70,2012,39201.99
ES70,2013,39074.03
ES70,2014,39315.13
ES70,2015,40595.5
ES70,2016,42007.24
ES70,2017,44209.24
ES70,2018,45829.56
ES70,2019,47182.6
ES70,2020,38604.77
ES70,2021,42656.19
ESZZ,2010,1039.53
ESZZ,2011,1386.9
ESZZ,2012,1081.83
ESZZ,2013,1155.51
ESZZ,2014,1115.62
ESZZ,2015,1177.24
ESZZ,2016,1071.15
ESZZ,2017,1086.59
ESZZ,2018,1091.79
ESZZ,2019,1129.06
ESZZ,2020,1125.59
ESZZ,2021,1179.27
FI19,2010,42735.77
FI19,2011,45622.19
FI19,2012,46245.26
FI19,2013,46129.17
FI19,2014,46647.89
FI19,2015,47410.36
FI19,2016,48275.96
FI19,2017,49910.54
FI19,2018,51617.06
FI19,2019,52650.96
FI19,2020,52633.98
FI19,2021,56105.87
FI1B,2010,73052.81
FI1B,2011,74930.9
FI1B,2012,75693.19
FI1B,2013,78508.63
FI1B,2014,79118.27
FI1B,2015,82485.45
FI1B,2016,84961.77
FI1B,2017,88375.6
FI1B,2018,91622.23
FI1B,2019,95458.36
FI1B,2020,94201.34
FI1B,2021,98877.19
FI1C,2010,34565.55
FI1C,2011,37350.5
FI1C,2012,38207.93
FI1C,2013,38183.57
FI1C,2014,38885.33
FI1C,2015,39211.25
FI1C,2016,40355.15
FI1C,2017,42389.31
FI1C,2018,43451.57
FI1C,2019,44248.2
FI1C,2020,43808.94
FI1C,2021,46129.43
FI1D,2010,36555.01
FI1D,2011,38805.44
FI1D,2012,39498.57
FI1D,2013,40091.31
FI1D,2014,40809.96
FI1D,2015,40830.94
FI1D,2016,42499.28
FI1D,2017,44172.46
FI1D,2018,45395.02
FI1D,2019,46044.68
FI1D,2020,46108.26
FI1D,2021,48985.73
FI20,2010,1156.32
FI20,2011,1199.2
FI20,2012,1306.43
FI20,2013,1344.02
FI20,2014,1369.94
FI20,2015,1387.19
FI20,2016,1368.28
FI20,2017,1394.21
FI20,2018,1303.43
FI20,2019,1360.73
FI20,2020,1201.73
FI20,2021,1335
FIZZ,2010,77.52
FIZZ,2011,89.77
FIZZ,2012,85.62
FIZZ,2013,64.29
FIZZ,2014,65.62
FIZZ,2015,59.81
FIZZ,2016,57.56
FIZZ,2017,58.88
FIZZ,2018,72.69
FIZZ,2019,95.07
FIZZ,2020,83.73
FIZZ,2021,86.79
FR10,2010,605435.47
FR10,2011,615497.37
FR10,2012,630604.71
FR10,2013,644681.14
FR10,2014,653969.01
FR10,2015,670619.24
FR10,2016,685852.59
FR10,2017,705342.6
FR10,2018,729515.61
FR10,2019,759520.35
FR10,2020,700754.35
FR10,2021,764844.01
FRB0,2010,66240.4
FRB0,2011,68055.8
FRB0,2012,68599.92
FRB0,2013,69089.01
FRB0,2014,69471.72
FRB0,2015,70729.64
FRB0,2016,71052.28
FRB0,2017,72752.28
FRB0,2018,74141.8
FRB0,2019,75834.3
FRB0,2020,72707.3
FRB0,2021,78343.35
FRC1,2010,41988.31
FRC1,2011,43495.76
FRC1,2012,43560.02
FRC1,2013,43862.21
FRC1,2014,44639.77
FRC1,2015,44869.3
FRC1,2016,44376.29
FRC1,2017,46214.87
FRC1,2018,47345.91
FRC1,2019,47807.79
FRC1,2020,46163.67
FRC1,2021,49188.56
FRC2,2010,28540.6
FRC2,2011,29349.91
FRC2,2012,28306.94
FRC2,2013,28310.84
FRC2,2014,28840.23
FRC2,2015,29487.62
FRC2,2016,30083.19
FRC2,2017,30640.03
FRC2,2018,30830.43
FRC2,2019,31776.02
FRC2,2020,30757.92
FRC2,2021,32523.06
FRD1,2010,36534.93
FRD1,2011,37961.79
FRD1,2012,37725.59
FRD1,2013,38153.05
FRD1,2014,38156.14
FRD1,2015,38809.49
FRD1,2016,39137.48
FRD1,2017,39091.37
FRD1,2018,39960.56
FRD1,2019,41060.16
FRD1,2020,39394.51
FRD1,2021,42004.23
FRD2,2010,50411.14
FRD2,2011,51734.46
FRD2,2012,52467.56
FRD2,2013,52900.27
FRD2,2014,53144.56
FRD2,2015,54267.72
FRD2,2016,53560.27
FRD2,2017,54333.23
FRD2,2018,54773.34
FRD2,2019,55701.63
FRD2,2020,52622
FRD2,2021,57311.23
FRE1,2010,100519.39
FRE1,2011,103975.98
FRE1,2012,103922.2
FRE1,2013,105450.78
FRE1,2014,106905.21
FRE1,2015,109025.65
FRE1,2016,110415.75
FRE1,2017,113639.3
FRE1,2018,116312.06
FRE1,2019,118717.95
FRE1,2020,114219.43
FRE1,2021,122607.08
FRE2,2010,45200.5
FRE2,2011,46427.16
FRE2,2012,46981.12
FRE2,2013,47091.91
FRE2,2014,47020.79
FRE2,2015,48424.57
FRE2,2016,47761.37
FRE2,2017,49597.29
FRE2,2018,49922.01
FRE2,2019,51248.03
FRE2,2020,48786.45
FRE2,2021,51728.82
FRF1,2010,52694.24
FRF1,2011,54618.59
FRF1,2012,54603.03
FRF1,2013,55524.99
FRF1,2014,56389.09
FRF1,2015,57205.16
FRF1,2016,58450.27
FRF1,2017,60087.65
FRF1,2018,62037.3
FRF1,2019,63475.77
FRF1,2020,60189.01
FRF1,2021,64516.58
FRF2,2010,35482.67
FRF2,2011,37621.36
FRF2,2012,36748.88
FRF2,2013,37039.05
FRF2,2014,36967.71
FRF2,2015,37221.99
FRF2,2016,36732.08
FRF2,2017,38115.95
FRF2,2018,39149.53
FRF2,2019,39553.23
FRF2,2020,37429.6
FRF2,2021,40020.24
FRF3,2010,54959.54
FRF3,2011,56173.61
FRF3,2012,55833.08
FRF3,2013,56306.24
FRF3,2014,57134.2
FRF3,2015,57748.39
FRF3,2016,57633.29
FRF3,2017,59074.41
FRF3,2018,59880.34
FRF3,2019,60858.36
FRF3,2020,58277.36
FRF3,2021,62382.37
FRG0,2010,95647.32
FRG0,2011,100889.06
FRG0,2012,102210.53
FRG0,2013,103930.14
FRG0,2014,105995.36
FRG0,2015,108948.55
FRG0,2016,110978.87
FRG0,2017,114320.21
FRG0,2018,117496.92
FRG0,2019,121984.5
FRG0,2020,118142.74
FRG0,2021,127189.39
FRH0,2010,80683.16
FRH0,2011,84239.65
FRH0,2012,85515.59
FRH0,2013,86911.43
FRH0,2014,88974.08
FRH0,2015,91303.91
FRH0,2016,93368.9
FRH0,2017,96797.87
FRH0,2018,98576.22
FRH0,2019,102061.16
FRH0,2020,100394.63
FRH0,2021,108251.91
FRI1,2010,88217.39
FRI1,2011,92075.04
FRI1,2012,93303.94
FRI1,2013,93525.47
FRI1,2014,95500.47
FRI1,2015,97890.6
FRI1,2016,100243.08
FRI1,2017,102694.29
FRI1,2018,106161.55
FRI1,2019,109537.29
FRI1,2020,104797.14
FRI1,2021,114742.86
FRI2,2010,16834.24
FRI2,2011,17268.24
FRI2,2012,17349.57
FRI2,2013,17739.21
FRI2,2014,18009.59
FRI2,2015,18311.6
FRI2,2016,18143.35
FRI2,2017,18609.73
FRI2,2018,18807.13
FRI2,2019,19665.15
FRI2,2020,18920.15
FRI2,2021,19770.79
FRI3,2010,43233.84
FRI3,2011,45075.17
FRI3,2012,46188.35
FRI3,2013,46601.82
FRI3,2014,47541.51
FRI3,2015,48066.85
FRI3,2016,48386.93
FRI3,2017,49747.57
FRI3,2018,51198.32
FRI3,2019,52801.74
FRI3,2020,50982.24
FRI3,2021,54764.25
FRJ1,2010,63160.87
FRJ1,2011,65758.1
FRJ1,2012,66272.92
FRJ1,2013,66460.3
FRJ1,2014,67525.36
FRJ1,2015,68924.11
FRJ1,2016,70222.54
FRJ1,2017,72080.16
FRJ1,2018,74035.66
FRJ1,2019,76671.83
FRJ1,2020,74616.44
FRJ1,2021,81244.48
FRJ2,2010,77065.76
FRJ2,2011,80747.16
FRJ2,2012,83600.87
FRJ2,2013,85486.29
FRJ2,2014,88071.51
FRJ2,2015,90597.84
FRJ2,2016,92649.28
FRJ2,2017,94835.52
FRJ2,2018,98518.39
FRJ2,2019,100993.84
FRJ2,2020,93952.12
FRJ2,2021,100029.32
FRK1,2010,32014.86
FRK1,2011,33704.86
FRK1,2012,33876.33
FRK1,2013,34535.36
FRK1,2014,35017.41
FRK1,2015,35817.58
FRK1,2016,36097.44
FRK1,2017,37969.16
FRK1,2018,38866.02
FRK1,2019,39957.46
FRK1,2020,38361.4
FRK1,2021,40583.18
FRK2,2010,192370.3
FRK2,2011,200899.64
FRK2,2012,203135.28
FRK2,2013,205375.5
FRK2,2014,208929.13
FRK2,2015,214100.76
FRK2,2016,219762.25
FRK2,2017,226355.39
FRK2,2018,235343.03
FRK2,2019,242336.22
FRK2,2020,232088.38
FRK2,2021,250293.72
FRL0,2010,143060.22
FRL0,2011,145947.41
FRL0,2012,150183.6
FRL0,2013,149878.66
FRL0,2014,152003.96
FRL0,2015,155027.51
FRL0,2016,157144.45
FRL0,2017,161647.29
FRL0,2018,165988.81
FRL0,2019,170380.98
FRL0,2020,162752.61
FRL0,2021,181067.32
FRM0,2010,7589.23
FRM0,2011,7984.8
FRM0,2012,8091.4
FRM0,2013,8217.33
FRM0,2014,8343.02
FRM0,2015,8617.44
FRM0,2016,8736.69
FRM0,2017,9057.7
FRM0,2018,9395.38
FRM0,2019,9642.94
FRM0,2020,9083.98
FRM0,2021,10125.33
FRY1,2010,8365.91
FRY1,2011,8635.89
FRY1,2012,8776.09
FRY1,2013,8812.19
FRY1,2014,9002.82
FRY1,2015,9166.78
FRY1,2016,9332.31
FRY1,2017,9381.53
FRY1,2018,9566.8
FRY1,2019,9850.69
FRY1,2020,9219.3
FRY1,2021,9461.52
FRY2,2010,7900.87
FRY2,2011,8142.88
FRY2,2012,8247.49
FRY2,2013,8274.72
FRY2,2014,8506.13
FRY2,2015,8672.5
FRY2,2016,8650.38
FRY2,2017,8786.29
FRY2,2018,8896.26
FRY2,2019,8872.7
FRY2,2020,8788.07
FRY2,2021,9081.7
FRY3,2010,3384.58
FRY3,2011,3572.14
FRY3,2012,3782.62
FRY3,2013,3856
FRY3,2014,3964.46
FRY3,2015,3993.34
FRY3,2016,4131.28
FRY3,2017,4127.28
FRY3,2018,4352.96
FRY3,2019,4430.51
FRY3,2020,4424.65
FRY3,2021,4580.1
FRY4,2010,15366.22
FRY4,2011,16072.58
FRY4,2012,16381.33
FRY4,2013,16528.23
FRY4,2014,16973.35
FRY4,2015,17554.67
FRY4,2016,18065.03
FRY4,2017,18555.37
FRY4,2018,18822.23
FRY4,2019,19329.74
FRY4,2020,18972.99
FRY4,2021,20339.28
FRY5,2010,1431.97
FRY5,2011,1495.56
FRY5,2012,1582.53
FRY5,2013,1701.94
FRY5,2014,1854.92
FRY5,2015,2079.41
FRY5,2016,2208.17
FRY5,2017,2419.82
FRY5,2018,2450.77
FRY5,2019,2603.72
FRY5,2020,2711.64
FRY5,2021,2932.17
FRZZ,2010,955.07
FRZZ,2011,948.89
FRZZ,2012,952.85
FRZZ,2013,945.03
FRZZ,2014,913.48
FRZZ,2015,949.79
FRZZ,2016,953.21
FRZZ,2017,967.82
FRZZ,2018,960.64
FRZZ,2019,960.94
FRZZ,2020,958.92
FRZZ,2021,943.55
HR02,2010,8930.76
HR02,2011,8931.57
HR02,2012,8646.27
HR02,2013,8556.28
HR02,2014,8218.97
HR02,2015,8458.17
HR02,2016,8776.45
HR02,2017,9000.5
HR02,2018,9389.77
HR02,2019,9877.05
HR02,2020,9310.52
HR02,2021,10588.99
HR03,2010,14431.83
HR03,2011,14375.8
HR03,2012,14144.19
HR03,2013,14095.37
HR03,2014,14135.74
HR03,2015,14496.27
HR03,2016,15249.73
HR03,2017,16224.1
HR03,2018,17040.75
HR03,2019,17784.54
HR03,2020,15133.19
HR03,2021,17934.45
HR05,2010,15795.45
HR05,2011,15575.64
HR05,2012,15238.68
HR05,2013,14967.89
HR05,2014,14943.35
HR05,2015,15405.78
HR05,2016,16049.92
HR05,2017,17034.55
HR05,2018,18082.36
HR05,2019,19208.08
HR05,2020,17647.06
HR05,2021,20284.13
HR06,2010,6605.61
HR06,2011,6666.89
HR06,2012,6592.08
HR06,2013,6817.53
HR06,2014,6691.08
HR06,2015,6897.71
HR06,2016,7262.62
HR06,2017,7726.72
HR06,2018,8234.29
HR06,2019,8774.69
HR06,2020,8334.13
HR06,2021,9446.52
HU11,2010,37746.75
HU11,2011,38572.12
HU11,2012,38134.22
HU11,2013,37957.5
HU11,2014,39282.27
HU11,2015,40316.53
HU11,2016,41828.08
HU11,2017,46241.64
HU11,2018,49360.11
HU11,2019,54788.9
HU11,2020,51000.58
HU11,2021,56514.24
HU12,2010,10794.19
HU12,2011,10761.95
HU12,2012,10237.82
HU12,2013,10695.05
HU12,2014,11033.52
HU12,2015,11772.81
HU12,2016,11971.23
HU12,2017,12871.12
HU12,2018,13946.81
HU12,2019,15289.65
HU12,2020,14717.25
HU12,2021,16986.85
HU21,2010,9473.32
HU21,2011,9877.98
HU21,2012,9514.4
HU21,2013,9966.16
HU21,2014,10370.92
HU21,2015,11410.61
HU21,2016,11930.65
HU21,2017,12793.66
HU21,2018,13679.98
HU21,2019,14649.42
HU21,2020,13516.48
HU21,2021,15648.21
HU22,2010,10145.39
HU22,2011,10407.48
HU22,2012,10126.99
HU22,2013,10402.02
HU22,2014,11218.97
HU22,2015,12207.65
HU22,2016,12667.95
HU22,2017,13401.6
HU22,2018,14046.9
HU22,2019,14426.73
HU22,2020,13280.27
HU22,2021,14342.78
HU23,2010,6351.22
HU23,2011,6411.44
HU23,2012,6373.83
HU23,2013,6535.64
HU23,2014,6496.63
HU23,2015,6890.02
HU23,2016,7119.37
HU23,2017,7801.57
HU23,2018,8512.9
HU23,2019,8930.36
HU23,2020,8378.92
HU23,2021,9380.81
HU31,2010,7137
HU31,2011,7259
HU31,2012,7106.79
HU31,2013,7510.17
HU31,2014,7897.86
HU31,2015,8861.71
HU31,2016,9044.16
HU31,2017,10185.44
HU31,2018,10833.58
HU31,2019,11156.66
HU31,2020,10658.87
HU31,2021,12156.19
HU32,2010,9417.59
HU32,2011,9858.96
HU32,2012,9758.49
HU32,2013,9807.11
HU32,2014,10216.97
HU32,2015,10807.97
HU32,2016,11002.87
HU32,2017,12153.76
HU32,2018,13035.6
HU32,2019,13919.29
HU32,2020,13438.67
HU32,2021,14757.42
HU33,2010,8706.18
HU33,2011,9003.05
HU33,2012,8995.1
HU33,2013,9366.04
HU33,2014,9746.7
HU33,2015,10523.71
HU33,2016,10691.36
HU33,2017,11575.88
HU33,2018,12638.65
HU33,2019,13365.04
HU33,2020,12835.43
HU33,2021,13972.18
HUZZ,2010,0
HUZZ,2011,0
HUZZ,2012,0
HUZZ,2013,0
HUZZ,2014,0
HUZZ,2015,0
HUZZ,2016,0
HUZZ,2017,0
HUZZ,2018,0
HUZZ,2019,0
HUZZ,2020,0
HUZZ,2021,0
IE04,2010,20444.78
IE04,2011,22455.92
IE04,2012,22384.75
IE04,2013,20246.27
IE04,2014,21447.93
IE04,2015,22664.45
IE04,2016,22058.94
IE04,2017,24613.61
IE04,2018,25280.88
IE04,2019,26771.25
IE04,2020,25276.41
IE04,2021,28707.88
IE05,2010,52929.23
IE05,2011,56395.25
IE05,2012,57646.8
IE05,2013,57481.25
IE05,2014,60672.86
IE05,2015,112668.51
IE05,2016,104895.33
IE05,2017,117417.76
IE05,2018,134145.19
IE05,2019,148108.68
IE05,2020,153867.66
IE05,2021,167640.67
IE06,2010,94017.38
IE06,2011,92852.05
IE06,2012,95583.86
IE06,2013,101730.16
IE06,2014,112964.52
IE06,2015,127642.96
IE06,2016,143251.07
IE06,2017,155731.91
IE06,2018,167205.24
IE06,2019,181824.65
IE06,2020,193692.22
IE06,2021,229934.65
ITC1,2010,124550.57
ITC1,2011,127658.92
ITC1,2012,123364.93
ITC1,2013,124536.94
ITC1,2014,124277.65
ITC1,2015,126868.33
ITC1,2016,130070.97
ITC1,2017,134450.33
ITC1,2018,137202.39
ITC1,2019,137773.36
ITC1,2020,126631.05
ITC1,2021,136006.78
ITC2,2010,4737.8
ITC2,2011,4838.8
ITC2,2012,4879.29
ITC2,2013,4680.43
ITC2,2014,4643.65
ITC2,2015,4653.42
ITC2,2016,4610.66
ITC2,2017,4776.15
ITC2,2018,4823.93
ITC2,2019,4860.99
ITC2,2020,4444.74
ITC2,2021,4736.96
ITC3,2010,46095.02
ITC3,2011,47152.07
ITC3,2012,46307.28
ITC3,2013,45756.24
ITC3,2014,46573.52
ITC3,2015,47179.51
ITC3,2016,48068.02
ITC3,2017,49129.73
ITC3,2018,49293.35
ITC3,2019,50105.23
ITC3,2020,45274.22
ITC3,2021,48515.69
ITC4,2010,349558.17
ITC4,2011,357748.42
ITC4,2012,351390.02
ITC4,2013,348117.37
ITC4,2014,355346.9
ITC4,2015,362329.59
ITC4,2016,373037.58
ITC4,2017,383032.63
ITC4,2018,393500.3
ITC4,2019,397959.85
ITC4,2020,372830.66
ITC4,2021,403136.34
ITF1,2010,30810.87
ITF1,2011,32245.32
ITF1,2012,32213.3
ITF1,2013,31695.39
ITF1,2014,31656.85
ITF1,2015,31863.76
ITF1,2016,31954.44
ITF1,2017,32809.52
ITF1,2018,32969.03
ITF1,2019,33169.53
ITF1,2020,30569.16
ITF1,2021,32889.01
ITF2,2010,6688.44
ITF2,2011,6700.02
ITF2,2012,6490.28
ITF2,2013,6078.4
ITF2,2014,6009.55
ITF2,2015,6128.39
ITF2,2016,6179.32
ITF2,2017,6325.46
ITF2,2018,6442.67
ITF2,2019,6576.39
ITF2,2020,6128.23
ITF2,2021,6452.49
ITF3,2010,102910.26
ITF3,2011,102994.62
ITF3,2012,102632.61
ITF3,2013,100834.78
ITF3,2014,101232.98
ITF3,2015,103763.76
ITF3,2016,105498.57
ITF3,2017,107717.11
ITF3,2018,109119.25
ITF3,2019,111173.76
ITF3,2020,102667.15
ITF3,2021,110231.3
ITF4,2010,70181.88
ITF4,2011,71743.43
ITF4,2012,72225.26
ITF4,2013,70433.03
ITF4,2014,70821.54
ITF4,2015,72334.52
ITF4,2016,73638.34
ITF4,2017,74783.62
ITF4,2018,76372.99
ITF4,2019,77182.82
ITF4,2020,72542.41
ITF4,2021,77983.69
ITF5,2010,11193.34
ITF5,2011,11562.09
ITF5,2012,11500.7
ITF5,2013,11807.8
ITF5,2014,11390.16
ITF5,2015,12367.81
ITF5,2016,12322.56
ITF5,2017,12448.48
ITF5,2018,13066.99
ITF5,2019,12886.87
ITF5,2020,11620.89
ITF5,2021,13021.66
ITF6,2010,33038.42
ITF6,2011,33276.96
ITF6,2012,32709.18
ITF6,2013,32097.04
ITF6,2014,31844.43
ITF6,2015,32118.61
ITF6,2016,32666.61
ITF6,2017,33342.95
ITF6,2018,33276.04
ITF6,2019,33502.13
ITF6,2020,31075.49
ITF6,2021,32787.28
ITG1,2010,88256.31
ITG1,2011,88279.15
ITG1,2012,87921.76
ITG1,2013,86559.94
ITG1,2014,84812.67
ITG1,2015,86154.39
ITG1,2016,86697.57
ITG1,2017,88443.53
ITG1,2018,88652.45
ITG1,2019,89523.91
ITG1,2020,83973.26
ITG1,2021,88767.44
ITG2,2010,32779.85
ITG2,2011,33322.27
ITG2,2012,33346.78
ITG2,2013,32453.48
ITG2,2014,32510.86
ITG2,2015,33735.31
ITG2,2016,33487.13
ITG2,2017,34123.62
ITG2,2018,34695.65
ITG2,2019,35448
ITG2,2020,32592.15
ITG2,2021,35032.11
ITH1,2010,20011.83
ITH1,2011,20728.88
ITH1,2012,21599.75
ITH1,2013,21874.31
ITH1,2014,22144.04
ITH1,2015,22620.1
ITH1,2016,23097.73
ITH1,2017,23954.3
ITH1,2018,24990.07
ITH1,2019,25743.18
ITH1,2020,23917.25
ITH1,2021,25597.89
ITH2,2010,18381.25
ITH2,2011,18859.09
ITH2,2012,18884.59
ITH2,2013,19375.6
ITH2,2014,19384.64
ITH2,2015,19333.75
ITH2,2016,19657.05
ITH2,2017,20063.29
ITH2,2018,20885.7
ITH2,2019,21463.65
ITH2,2020,20138.58
ITH2,2021,21582.43
ITH3,2010,143256.75
ITH3,2011,148113.35
ITH3,2012,145472.27
ITH3,2013,145522.38
ITH3,2014,147834.54
ITH3,2015,150835.81
ITH3,2016,155761.78
ITH3,2017,159951.72
ITH3,2018,163005.63
ITH3,2019,166071.97
ITH3,2020,152276.67
ITH3,2021,163947.55
ITH4,2010,34916.35
ITH4,2011,35685.84
ITH4,2012,34547.66
ITH4,2013,34859.19
ITH4,2014,35078.45
ITH4,2015,36076.43
ITH4,2016,36556.63
ITH4,2017,37388.13
ITH4,2018,38497.91
ITH4,2019,39333.16
ITH4,2020,36635.48
ITH4,2021,39114.5
ITH5,2010,137950
ITH5,2011,143928.65
ITH5,2012,141966.1
ITH5,2013,143074.67
ITH5,2014,145927.6
ITH5,2015,148780.48
ITH5,2016,153170.81
ITH5,2017,157583.37
ITH5,2018,161177.71
ITH5,2019,162762.7
ITH5,2020,151941.59
ITH5,2021,163292.98
ITI1,2010,105269.65
ITI1,2011,108102.64
ITI1,2012,107566.5
ITI1,2013,106707.52
ITI1,2014,108725.25
ITI1,2015,109850.44
ITI1,2016,112284.26
ITI1,2017,114675.43
ITI1,2018,117431.52
ITI1,2019,121886.85
ITI1,2020,107769.35
ITI1,2021,114615.09
ITI2,2010,22180.13
ITI2,2011,22427.21
ITI2,2012,21810.99
ITI2,2013,21452.99
ITI2,2014,21061.51
ITI2,2015,21638.94
ITI2,2016,21745
ITI2,2017,22264.3
ITI2,2018,22939.39
ITI2,2019,23087.4
ITI2,2020,21189.38
ITI2,2021,22858.68
ITI3,2010,39430.93
ITI3,2011,40101.9
ITI3,2012,39243.69
ITI3,2013,38722.87
ITI3,2014,39638.76
ITI3,2015,39890.41
ITI3,2016,40630.63
ITI3,2017,41526.18
ITI3,2018,42233.75
ITI3,2019,42924.52
ITI3,2020,39607.88
ITI3,2021,42596.64
ITI4,2010,187670.27
ITI4,2011,191721.46
ITI4,2012,186655.15
ITI4,2013,184287.14
ITI4,2014,184996.61
ITI4,2015,185551.06
ITI4,2016,193396.19
ITI4,2017,196334.99
ITI4,2018,199257.84
ITI4,2019,201976.78
ITI4,2020,185807.52
ITI4,2021,197535.53
ITZZ,2010,1410.81
ITZZ,2011,1565.06
ITZZ,2012,1630.92
ITZZ,2013,1823.73
ITZZ,2014,1493.96
ITZZ,2015,1280.3
ITZZ,2016,1254.73
ITZZ,2017,1468.27
ITZZ,2018,1556.68
ITZZ,2019,1236.07
ITZZ,2020,988.11
ITZZ,2021,1347.97
LT01,2010,10800.91
LT01,2011,11914.97
LT01,2012,12907.36
LT01,2013,13846
LT01,2014,14640.35
LT01,2015,15091.89
LT01,2016,15830.18
LT01,2017,17193.93
LT01,2018,18994.31
LT01,2019,20774.21
LT01,2020,21219.92
LT01,2021,24237.3
LT02,2010,17232.92
LT02,2011,19402.2
LT02,2012,20502.8
LT02,2013,21193.54
LT02,2014,21940.96
LT02,2015,22253.81
LT02,2016,23059.68
LT02,2017,25082.37
LT02,2018,26520.92
LT02,2019,28134.01
LT02,2020,28549.66
LT02,2021,31941.78
LU00,2010,42402.72
LU00,2011,44323.47
LU00,2012,46526.24
LU00,2013,49094.49
LU00,2014,51791.32
LU00,2015,54142.3
LU00,2016,56208.07
LU00,2017,58168.78
LU00,2018,60121.16
LU00,2019,62373.59
LU00,2020,64780.99
LU00,2021,72295.03
LV00,2010,17908.3
LV00,2011,19635.98
LV00,2012,22064.4
LV00,2013,22763.38
LV00,2014,23591.08
LV00,2015,24535.68
LV00,2016,25336.73
LV00,2017,26947.67
LV00,2018,29113.96
LV00,2019,30637.14
LV00,2020,30251.19
LV00,2021,33652.66
LVZZ,2010,29.2
LVZZ,2011,30.03
LVZZ,2012,33.12
LVZZ,2013,27.92
LVZZ,2014,34.72
LVZZ,2015,36.45
LVZZ,2016,34.59
LVZZ,2017,36.76
LVZZ,2018,39.6
LVZZ,2019,41.51
LVZZ,2020,42.86
LVZZ,2021,43.24
ME00,2010,3125.09
ME00,2011,3264.78
ME00,2012,3181.48
ME00,2013,3362.48
ME00,2014,3457.92
ME00,2015,3654.51
ME00,2016,3954.21
ME00,2017,4299.09
ME00,2018,4663.13
ME00,2019,4950.72
ME00,2020,4185.55
ME00,2021,4955.12
MK00,2010,7108.28
MK00,2011,7544.16
MK00,2012,7584.76
MK00,2013,8149.57
MK00,2014,8562.05
MK00,2015,9072.3
MK00,2016,9656.47
MK00,2017,10038.3
MK00,2018,10743.98
MK00,2019,11262.04
MK00,2020,10851.71
MK00,2021,11688.2
MT00,2010,6802.08
MT00,2011,6910.62
MT00,2012,7350.14
MT00,2013,7929.46
MT00,2014,8735.74
MT00,2015,9981.21
MT00,2016,10524.99
MT00,2017,11919.35
MT00,2018,12931.99
MT00,2019,14157.63
MT00,2020,13149.45
MT00,2021,14959.88
MTZZ,2010,13.72
MTZZ,2011,13.97
MTZZ,2012,14.32
MTZZ,2013,14.89
MTZZ,2014,15.36
MTZZ,2015,15.5
MTZZ,2016,16.14
MTZZ,2017,17.25
MTZZ,2018,19.02
MTZZ,2019,20.29
MTZZ,2020,14.58
MTZZ,2021,22.84
NL11,2010,25095.34
NL11,2011,26024.22
NL11,2012,27089.11
NL11,2013,27919.3
NL11,2014,26144.49
NL11,2015,24958.03
NL11,2016,23459.71
NL11,2017,24035.61
NL11,2018,24557.25
NL11,2019,24848.33
NL11,2020,22993.62
NL11,2021,25635.74
NL12,2010,17573.52
NL12,2011,18203.74
NL12,2012,18128.36
NL12,2013,18068.5
NL12,2014,18333.12
NL12,2015,18208.38
NL12,2016,18429.68
NL12,2017,19100.62
NL12,2018,19989.08
NL12,2019,21205.64
NL12,2020,21178.6
NL12,2021,22632.85
NL13,2010,13537.7
NL13,2011,13791.82
NL13,2012,13906.26
NL13,2013,13957.43
NL13,2014,13981.63
NL13,2015,13848.28
NL13,2016,13916.27
NL13,2017,14423.37
NL13,2018,15166.14
NL13,2019,15716.94
NL13,2020,15438.33
NL13,2021,16387.87
NL21,2010,35608.95
NL21,2011,36714.93
NL21,2012,35938.15
NL21,2013,36283.34
NL21,2014,37108.16
NL21,2015,37913.85
NL21,2016,39497.11
NL21,2017,41182.54
NL21,2018,43503.75
NL21,2019,45727.61
NL21,2020,45282.34
NL21,2021,47979.99
NL22,2010,64062.28
NL22,2011,66299.76
NL22,2012,65303.68
NL22,2013,65765.91
NL22,2014,67403.17
NL22,2015,68832.42
NL22,2016,71082.08
NL22,2017,74524.67
NL22,2018,78192.99
NL22,2019,82080.47
NL22,2020,81930.7
NL22,2021,86735.69
NL23,2010,11487.51
NL23,2011,11590.86
NL23,2012,11621
NL23,2013,11508.31
NL23,2014,11792
NL23,2015,12123.36
NL23,2016,12629.75
NL23,2017,13232.86
NL23,2018,13836.36
NL23,2019,14535.98
NL23,2020,14523.53
NL23,2021,15476
NL31,2010,59306.33
NL31,2011,59540.37
NL31,2012,59769.71
NL31,2013,60623.76
NL31,2014,61711.47
NL31,2015,63145.29
NL31,2016,64514.47
NL31,2017,68226.23
NL31,2018,71922.93
NL31,2019,76995.51
NL31,2020,77049.11
NL31,2021,81304.88
NL32,2010,129225.34
NL32,2011,130946.86
NL32,2012,131496.69
NL32,2013,135055.27
NL32,2014,140768.95
NL32,2015,146560.64
NL32,2016,152850.18
NL32,2017,159336.6
NL32,2018,168862.39
NL32,2019,179531.33
NL32,2020,169827.28
NL32,2021,183078.6
NL33,2010,140675.01
NL33,2011,140214.66
NL33,2012,142136.55
NL33,2013,142384.89
NL33,2014,143220.62
NL33,2015,148116.63
NL33,2016,151492.25
NL33,2017,155893.38
NL33,2018,162089.48
NL33,2019,169015.98
NL33,2020,167105.31
NL33,2021,180471
NL34,2010,11505.32
NL34,2011,11806.18
NL34,2012,11685.15
NL34,2013,11712.31
NL34,2014,11964.11
NL34,2015,12363.43
NL34,2016,12630.86
NL34,2017,12945
NL34,2018,13791.66
NL34,2019,14237.66
NL34,2020,14272.1
NL34,2021,15873.54
NL41,2010,91265.68
NL41,2011,94094.3
NL41,2012,94516.56
NL41,2013,94943.59
NL41,2014,97521.62
NL41,2015,101630.4
NL41,2016,104696.69
NL41,2017,110427.45
NL41,2018,115560.78
NL41,2019,121243.84
NL41,2020,120838.58
NL41,2021,129512.83
NL42,2010,35701.33
NL42,2011,36658.33
NL42,2012,36351.84
NL42,2013,36967.41
NL42,2014,37430.16
NL42,2015,38976.36
NL42,2016,40972.2
NL42,2017,42599.55
NL42,2018,44277.03
NL42,2019,46139.21
NL42,2020,45236.31
NL42,2021,49118.7
NLZZ,2010,4142.67
NLZZ,2011,4472.96
NLZZ,2012,5021.83
NLZZ,2013,5271.87
NLZZ,2014,4181.61
NLZZ,2015,3329.81
NLZZ,2016,2165.77
NLZZ,2017,2219.24
NLZZ,2018,2237.15
NLZZ,2019,1776.48
NLZZ,2020,854.19
NLZZ,2021,2148.29
NO02,2010,14179.75
NO02,2011,15234.5
NO02,2012,16483.78
NO02,2013,16492.81
NO02,2014,16309.19
NO02,2015,16206.41
NO02,2016,16326.66
NO02,2017,16864.24
NO02,2018,17100.31
NO02,2019,17246.77
NO02,2020,15651.14
NO06,2010,19495.39
NO06,2011,20699.4
NO06,2012,23213.17
NO06,2013,23600.89
NO06,2014,23096.84
NO06,2015,22961.52
NO06,2016,23316.22
NO06,2017,24587.06
NO06,2018,25058.63
NO06,2019,25346.59
NO06,2020,23454.06
NO07,2010,20755.92
NO07,2011,21701.75
NO07,2012,23563.84
NO07,2013,24121.22
NO07,2014,23957.27
NO07,2015,23233.26
NO07,2016,24566.55
NO07,2017,25380.5
NO07,2018,25952.99
NO07,2019,25996.3
NO07,2020,23006.83
NO08,2010,101251.82
NO08,2011,108330.55
NO08,2012,121352.28
NO08,2013,122812.7
NO08,2014,120593.79
NO08,2015,117301.82
NO08,2016,118201.8
NO08,2017,122294.05
NO08,2018,123720.71
NO08,2019,128626.49
NO08,2020,120905.93
NO09,2010,29367.71
NO09,2011,30859.65
NO09,2012,33889.89
NO09,2013,33348.24
NO09,2014,32617.98
NO09,2015,32129.8
NO09,2016,31412.84
NO09,2017,32127.6
NO09,2018,33234.28
NO09,2019,33393.45
NO09,2020,30497.13
NO0A,2010,71291.41
NO0A,2011,75289.87
NO0A,2012,83881.25
NO0A,2013,85982.84
NO0A,2014,84117.6
NO0A,2015,81379.46
NO0A,2016,77447.24
NO0A,2017,78538.47
NO0A,2018,78270.82
NO0A,2019,80782.5
NO0A,2020,73177.35
NO0B,2010,275.88
NO0B,2011,226.22
NO0B,2012,176.23
NO0B,2013,228.49
NO0B,2014,142.45
NO0B,2015,165.85
NO0B,2016,187.43
NO0B,2017,159.44
NO0B,2018,159.28
NO0B,2019,178.32
NO0B,2020,119.73
NOZZ,2010,68876.04
NOZZ,2011,88210.45
NOZZ,2012,96508.73
NOZZ,2013,89269.57
NOZZ,2014,77621.27
NOZZ,2015,56378.63
NOZZ,2016,43937.79
NOZZ,2017,56337.16
NOZZ,2018,69160.54
NOZZ,2019,53560.07
NOZZ,2020,36011.63
PL21,2010,27241.86
PL21,2011,29042.32
PL21,2012,29563.23
PL21,2013,29972.45
PL21,2014,31614.03
PL21,2015,33957.95
PL21,2016,33834.61
PL21,2017,37511.55
PL21,2018,40537.18
PL21,2019,43082.35
PL21,2020,42643.08
PL21,2021,47231.35
PL22,2010,46222.48
PL22,2011,48593.84
PL22,2012,48926.87
PL22,2013,48292.98
PL22,2014,50363.66
PL22,2015,53164.07
PL22,2016,52241.85
PL22,2017,57145.68
PL22,2018,61230.04
PL22,2019,64357.59
PL22,2020,61430.55
PL22,2021,68691.77
PL41,2010,33676.19
PL41,2011,35438.69
PL41,2012,36558.91
PL41,2013,37420.03
PL41,2014,39286.53
PL41,2015,42133.54
PL41,2016,41916.33
PL41,2017,46088.31
PL41,2018,49035.15
PL41,2019,52705.98
PL41,2020,52548.64
PL41,2021,56686.13
PL42,2010,13761.96
PL42,2011,14177.67
PL42,2012,14481.65
PL42,2013,14508.87
PL42,2014,15268.88
PL42,2015,16230.14
PL42,2016,15854.36
PL42,2017,17254.8
PL42,2018,18564.68
PL42,2019,19593.55
PL42,2020,19422.45
PL42,2021,20994.06
PL43,2010,8096.51
PL43,2011,8341.08
PL43,2012,8525.52
PL43,2013,8619.24
PL43,2014,9125.84
PL43,2015,9531.24
PL43,2016,9458.13
PL43,2017,10181.82
PL43,2018,10817.72
PL43,2019,11400.89
PL43,2020,11259.6
PL43,2021,12179.39
PL51,2010,30617.26
PL51,2011,32463.51
PL51,2012,33059.86
PL51,2013,32848.54
PL51,2014,34341.71
PL51,2015,36208.76
PL51,2016,35576.86
PL51,2017,38883.39
PL51,2018,41172.45
PL51,2019,43971.91
PL51,2020,44034.69
PL51,2021,48418.64
PL52,2010,7794.43
PL52,2011,8125.06
PL52,2012,8184.28
PL52,2013,8193.86
PL52,2014,8615.31
PL52,2015,9022.33
PL52,2016,8754.57
PL52,2017,9527.21
PL52,2018,10179.51
PL52,2019,10795.94
PL52,2020,10549.74
PL52,2021,11739.47
PL61,2010,16212.49
PL61,2011,16771.8
PL61,2012,17050.51
PL61,2013,17339.23
PL61,2014,17991.73
PL61,2015,19052.53
PL61,2016,18807.13
PL61,2017,20423.07
PL61,2018,21945.44
PL61,2019,22896.82
PL61,2020,23057.86
PL61,2021,25007.69
PL62,2010,9863.05
PL62,2011,10265.5
PL62,2012,10421.01
PL62,2013,10493.3
PL62,2014,10971.01
PL62,2015,11465.46
PL62,2016,11365.49
PL62,2017,12218.39
PL62,2018,12854
PL62,2019,13541.12
PL62,2020,13656.2
PL62,2021,14773.8
PL63,2010,20322.66
PL63,2011,21424.68
PL63,2012,22357.65
PL63,2013,22289.05
PL63,2014,23119.05
PL63,2015,24770.74
PL63,2016,24749.8
PL63,2017,27159.95
PL63,2018,29399.82
PL63,2019,31544.32
PL63,2020,30616.13
PL63,2021,34496.97
PL71,2010,22009.94
PL71,2011,23000.13
PL71,2012,23598.52
PL71,2013,23747.83
PL71,2014,24872.83
PL71,2015,26145.75
PL71,2016,25700.52
PL71,2017,27973.41
PL71,2018,29892.28
PL71,2019,32122.01
PL71,2020,32511.9
PL71,2021,34757.35
PL72,2010,9250.42
PL72,2011,9550.56
PL72,2012,9568.83
PL72,2013,9384.39
PL72,2014,9801.47
PL72,2015,10210.41
PL72,2016,9942.39
PL72,2017,10837.49
PL72,2018,11723.06
PL72,2019,12270.33
PL72,2020,12147.31
PL72,2021,13147.35
PL81,2010,14073.07
PL81,2011,14832.3
PL81,2012,15232.77
PL81,2013,15456.4
PL81,2014,15937.8
PL81,2015,16485.13
PL81,2016,16327.79
PL81,2017,17883.81
PL81,2018,18796.98
PL81,2019,20048.65
PL81,2020,19692.29
PL81,2021,21295.98
PL82,2010,13833.6
PL82,2011,14639.58
PL82,2012,14901.97
PL82,2013,15287.31
PL82,2014,15961.92
PL82,2015,16894.25
PL82,2016,16605.13
PL82,2017,18021.08
PL82,2018,19492.53
PL82,2019,20817.75
PL82,2020,20096.03
PL82,2021,22069.05
PL84,2010,8247.7
PL84,2011,8627.55
PL84,2012,8637.58
PL84,2013,8843.09
PL84,2014,9200.08
PL84,2015,9519.14
PL84,2016,9354.16
PL84,2017,10353.73
PL84,2018,11037.16
PL84,2019,11820.78
PL84,2020,11837.86
PL84,2021,12722.29
PL91,2010,59336.26
PL91,2011,61807.65
PL91,2012,63940.09
PL91,2013,65409.69
PL91,2014,68772.39
PL91,2015,72417.52
PL91,2016,71938.8
PL91,2017,79891.05
PL91,2018,86425.75
PL91,2019,93425.71
PL91,2020,93191.19
PL91,2021,100335.71
PL92,2010,18508.17
PL92,2011,19941.06
PL92,2012,20380.41
PL92,2013,20250.15
PL92,2014,21169.11
PL92,2015,22625.63
PL92,2016,22307.36
PL92,2017,24417.6
PL92,2018,25900.64
PL92,2019,28109.47
PL92,2020,27451.67
PL92,2021,30224.23
PT11,2010,50688.11
PT11,2011,49832.69
PT11,2012,48345.47
PT11,2013,49397.69
PT11,2014,50782.14
PT11,2015,52770.63
PT11,2016,55077.73
PT11,2017,57652.65
PT11,2018,60909.74
PT11,2019,63524.58
PT11,2020,60578.91
PT11,2021,64708.55
PT15,2010,7568.68
PT15,2011,7377.78
PT15,2012,7164.79
PT15,2013,7244.39
PT15,2014,7508.84
PT15,2015,7880.99
PT15,2016,8507.83
PT15,2017,9223.7
PT15,2018,9729.59
PT15,2019,10239.8
PT15,2020,8527.88
PT15,2021,9244.76
PT16,2010,33393.29
PT16,2011,32669.91
PT16,2012,31554.76
PT16,2013,31999.34
PT16,2014,32438.39
PT16,2015,33923.55
PT16,2016,35246.15
PT16,2017,36823.21
PT16,2018,38474.43
PT16,2019,40027.7
PT16,2020,38529.71
PT16,2021,40977.6
PT17,2010,67732.97
PT17,2011,66343.85
PT17,2012,62528.74
PT17,2013,62955.03
PT17,2014,63145.81
PT17,2015,64897.1
PT17,2016,66942.3
PT17,2017,70359.44
PT17,2018,73602.66
PT17,2019,77439.68
PT17,2020,71642.26
PT17,2021,76404.63
PT18,2010,11804.22
PT18,2011,11532.99
PT18,2012,10946.68
PT18,2013,10952.63
PT18,2014,11165.24
PT18,2015,11952.33
PT18,2016,12124.42
PT18,2017,12845.39
PT18,2018,13097.45
PT18,2019,13373.23
PT18,2020,12476.53
PT18,2021,13659.46
PT20,2010,3795.03
PT20,2011,3722.27
PT20,2012,3569.44
PT20,2013,3652.81
PT20,2014,3685.83
PT20,2015,3824.28
PT20,2016,3973.06
PT20,2017,4110.58
PT20,2018,4284.64
PT20,2019,4487.27
PT20,2020,4163.07
PT20,2021,4421.46
PT30,2010,4431.7
PT30,2011,4440.13
PT30,2012,4062.75
PT30,2013,4143.44
PT30,2014,4202.3
PT30,2015,4313.16
PT30,2016,4477.62
PT30,2017,4783.57
PT30,2018,4940.38
PT30,2019,5126.38
PT30,2020,4449.63
PT30,2021,4895.86
PTZZ,2010,196.78
PTZZ,2011,176.55
PTZZ,2012,122.95
PTZZ,2013,146.94
PTZZ,2014,125.14
PTZZ,2015,151.13
PTZZ,2016,140.7
PTZZ,2017,148.67
PTZZ,2018,145.25
PTZZ,2019,155.97
PTZZ,2020,150.87
PTZZ,2021,158.38
RO11,2010,14685.97
RO11,2011,15019.65
RO11,2012,15692.16
RO11,2013,16020.94
RO11,2014,17259.67
RO11,2015,18337.89
RO11,2016,19678.59
RO11,2017,22768.8
RO11,2018,24823.67
RO11,2019,27394.51
RO11,2020,27311.1
RO11,2021,29948.46
RO12,2010,14678.81
RO12,2011,15427.47
RO12,2012,15865.01
RO12,2013,15798.81
RO12,2014,16610.21
RO12,2015,17762.42
RO12,2016,18902.51
RO12,2017,21050.03
RO12,2018,23514.01
RO12,2019,25222.81
RO12,2020,25089.96
RO12,2021,27603.86
RO21,2010,13726.25
RO21,2011,13869.38
RO21,2012,14269.52
RO21,2013,14602.08
RO21,2014,15281.19
RO21,2015,16143.9
RO21,2016,16915.92
RO21,2017,19331.55
RO21,2018,21513.33
RO21,2019,23631.9
RO21,2020,23810.38
RO21,2021,26092.77
RO22,2010,13591.15
RO22,2011,15082.27
RO22,2012,15109.37
RO22,2013,16167.65
RO22,2014,16997.05
RO22,2015,17118.66
RO22,2016,17523.59
RO22,2017,19113.42
RO22,2018,21161.05
RO22,2019,22188.96
RO22,2020,21210.59
RO22,2021,23298.66
RO31,2010,15977.21
RO31,2011,18230.82
RO31,2012,16782.95
RO31,2013,17577.96
RO31,2014,19757.01
RO31,2015,19616.27
RO31,2016,20555.66
RO31,2017,21938.97
RO31,2018,24361.41
RO31,2019,25528.4
RO31,2020,24864.53
RO31,2021,27403.92
RO32,2010,32344.05
RO32,2011,36630.48
RO32,2012,36903.76
RO32,2013,38285.93
RO32,2014,39568.09
RO32,2015,44139.07
RO32,2016,45414.87
RO32,2017,50565.06
RO32,2018,55306.49
RO32,2019,61660.48
RO32,2020,60999.9
RO32,2021,65994.92
RO41,2010,10073.63
RO41,2011,10550.57
RO41,2012,10824.38
RO41,2013,10827.08
RO41,2014,10973.88
RO41,2015,11776.24
RO41,2016,12155.58
RO41,2017,13929.57
RO41,2018,15895.31
RO41,2019,17297.54
RO41,2020,16740.11
RO41,2021,18406.08
RO42,2010,13047.96
RO42,2011,13591.75
RO42,2012,13765.48
RO42,2013,13532.21
RO42,2014,13969.32
RO42,2015,15265.53
RO42,2016,16229.17
RO42,2017,17552.29
RO42,2018,19337.6
RO42,2019,21097.13
RO42,2020,20305.31
RO42,2021,22357.1
ROZZ,2010,153.83
ROZZ,2011,118.36
ROZZ,2012,107.14
ROZZ,2013,116.26
ROZZ,2014,105.99
ROZZ,2015,127.87
ROZZ,2016,118.41
ROZZ,2017,149.29
ROZZ,2018,159.03
ROZZ,2019,156.93
ROZZ,2020,154.86
ROZZ,2021,162.55
RS11,2012,13371.53
RS11,2013,14534.25
RS11,2014,13740.95
RS11,2015,14226.53
RS11,2016,14772.14
RS11,2017,15853.22
RS11,2018,17735.51
RS11,2019,19361.94
RS11,2020,19717.11
RS11,2021,21422.69
RS12,2012,9150.76
RS12,2013,9916.83
RS12,2014,9714.52
RS12,2015,9502.88
RS12,2016,9820.19
RS12,2017,10406.41
RS12,2018,11110.7
RS12,2019,11757.41
RS12,2020,11984.56
RS12,2021,13743.46
RS21,2012,6409.36
RS21,2013,6873.9
RS21,2014,7053.63
RS21,2015,7086.95
RS21,2016,7147.64
RS21,2017,7536.99
RS21,2018,7959.97
RS21,2019,8473.22
RS21,2020,8552.54
RS21,2021,9972.62
RS22,2012,4724.03
RS22,2013,5078.95
RS22,2014,4936.3
RS22,2015,4898.59
RS22,2016,5014.83
RS22,2017,5413.12
RS22,2018,6063.25
RS22,2019,6390.45
RS22,2020,6539.51
RS22,2021,8167.05
RSZZ,2012,23.59
RSZZ,2013,22.74
RSZZ,2014,22.07
RSZZ,2015,25.29
RSZZ,2016,24.52
RSZZ,2017,25.6
RSZZ,2018,22.79
RSZZ,2019,22.42
RSZZ,2020,21.55
RSZZ,2021,23.44
SE11,2010,113147.9
SE11,2011,126394.95
SE11,2012,132464
SE11,2013,137364.17
SE11,2014,138536.07
SE11,2015,145530.12
SE11,2016,147832.92
SE11,2017,149365.45
SE11,2018,147848.2
SE11,2019,152085.63
SE11,2020,153963.04
SE11,2021,172401.48
SE12,2010,53571.15
SE12,2011,59106.92
SE12,2012,62331.42
SE12,2013,63664.63
SE12,2014,62372.07
SE12,2015,64299.54
SE12,2016,66228.66
SE12,2017,68908.52
SE12,2018,67705.85
SE12,2019,67417.49
SE12,2020,68533.2
SE12,2021,76257.74
SE21,2010,27576.78
SE21,2011,30568.68
SE21,2012,31457.55
SE21,2013,32202.99
SE21,2014,31727.72
SE21,2015,32657.45
SE21,2016,33867.83
SE21,2017,35108.45
SE21,2018,34222.41
SE21,2019,33883.5
SE21,2020,34242.32
SE21,2021,37885.8
SE22,2010,48428.53
SE22,2011,52482.06
SE22,2012,54549.43
SE22,2013,56306.4
SE22,2014,56180.77
SE22,2015,57910.18
SE22,2016,59057.29
SE22,2017,61663.03
SE22,2018,59934.92
SE22,2019,60916.3
SE22,2020,62462.41
SE22,2021,68460.45
SE23,2010,71015.64
SE23,2011,78497.56
SE23,2012,81228.61
SE23,2013,83839.82
SE23,2014,83509.13
SE23,2015,88358.6
SE23,2016,90916.78
SE23,2017,94243.2
SE23,2018,91078.92
SE23,2019,92036.49
SE23,2020,91160.23
SE23,2021,101339.68
SE31,2010,26967.87
SE31,2011,29335.62
SE31,2012,30581.96
SE31,2013,30985.85
SE31,2014,30329.5
SE31,2015,30616.64
SE31,2016,31620.92
SE31,2017,32257.43
SE31,2018,31867.24
SE31,2019,31873.36
SE31,2020,31952.25
SE31,2021,35725.15
SE32,2010,13828.56
SE32,2011,14447.91
SE32,2012,14842.12
SE32,2013,14935.41
SE32,2014,14595.19
SE32,2015,14603.08
SE32,2016,14799.85
SE32,2017,15224.01
SE32,2018,14895.07
SE32,2019,14869.4
SE32,2020,14679.32
SE32,2021,17000.77
SE33,2010,20043.19
SE33,2011,21882.39
SE33,2012,22469.86
SE33,2013,22435.35
SE33,2014,21473.67
SE33,2015,21413.54
SE33,2016,21834.35
SE33,2017,23146.23
SE33,2018,23021.85
SE33,2019,23688.47
SE33,2020,23469.11
SE33,2021,27911.2
SEZZ,2010,115.63
SEZZ,2011,128.61
SEZZ,2012,112.15
SEZZ,2013,116.05
SEZZ,2014,109.77
SEZZ,2015,105.58
SEZZ,2016,107.9
SEZZ,2017,109.22
SEZZ,2018,98.67
SEZZ,2019,98.89
SEZZ,2020,94.56
SEZZ,2021,102.73
SI03,2010,15938.37
SI03,2011,16356.96
SI03,2012,15978.53
SI03,2013,16096.86
SI03,2014,16580.24
SI03,2015,17085.39
SI03,2016,17687.69
SI03,2017,18722.66
SI03,2018,19888.23
SI03,2019,21088.57
SI03,2020,20404.01
SI03,2021,22425.55
SI04,2010,20425.54
SI04,2011,20701.61
SI04,2012,20274.74
SI04,2013,20357.47
SI04,2014,21054.05
SI04,2015,21767.25
SI04,2016,22755.53
SI04,2017,24288.68
SI04,2018,25988.12
SI04,2019,27444.55
SI04,2020,26616.64
SI04,2021,29782.52
SK01,2010,19611.96
SK01,2011,20324.86
SK01,2012,20468.55
SK01,2013,21341.07
SK01,2014,21518.11
SK01,2015,22874.04
SK01,2016,23470.73
SK01,2017,24307.16
SK01,2018,25692.52
SK01,2019,26540.2
SK01,2020,26480.92
SK01,2021,27963.15
SK02,2010,21624.79
SK02,2011,23076.23
SK02,2012,23716.44
SK02,2013,23453.26
SK02,2014,24152.99
SK02,2015,24617.59
SK02,2016,25027.96
SK02,2017,25737.33
SK02,2018,27194.74
SK02,2019,29303.81
SK02,2020,28847.97
SK02,2021,29840.08
SK03,2010,13890.82
SK03,2011,13979.35
SK03,2012,14438.93
SK03,2013,14571.96
SK03,2014,14966.59
SK03,2015,15881.38
SK03,2016,15962.79
SK03,2017,16587.18
SK03,2018,17652.39
SK03,2019,18790.55
SK03,2020,18180.94
SK03,2021,19691.68
SK04,2010,13637.38
SK04,2011,14405.41
SK04,2012,15025.34
SK04,2013,15126.5
SK04,2014,15716.82
SK04,2015,16753.03
SK04,2016,16803.72
SK04,2017,18038.21
SK04,2018,19335.04
SK04,2019,19802.92
SK04,2020,19903.93
SK04,2021,21028.07
TR10,2010,170553.96
TR10,2011,177136.56
TR10,2012,205116.73
TR10,2013,219733.31
TR10,2014,217293.67
TR10,2015,240393.77
TR10,2016,242729.95
TR10,2017,236333.79
TR10,2018,202832.19
TR10,2019,208262.41
TR10,2020,188609.72
TR10,2021,209481.75
TR21,2010,14452.12
TR21,2011,14705.67
TR21,2012,16546.5
TR21,2013,17065.39
TR21,2014,17175.72
TR21,2015,18879.69
TR21,2016,19470.45
TR21,2017,19201.86
TR21,2018,17028.96
TR21,2019,17713.02
TR21,2020,16837.3
TR21,2021,19877.96
TR22,2010,12556.82
TR22,2011,12419.04
TR22,2012,13838.91
TR22,2013,13626.8
TR22,2014,13626.81
TR22,2015,14680.08
TR22,2016,15161.54
TR22,2017,14386.48
TR22,2018,12593.69
TR22,2019,13088.05
TR22,2020,12678.84
TR22,2021,13241.16
TR31,2010,36217.7
TR31,2011,37442.07
TR31,2012,42324.74
TR31,2013,43778.37
TR31,2014,42516.61
TR31,2015,46008.87
TR31,2016,47539.1
TR31,2017,46659.48
TR31,2018,41364.9
TR31,2019,41281.85
TR31,2020,38163.49
TR31,2021,43962.54
TR32,2010,19947.77
TR32,2011,20365.82
TR32,2012,22585.79
TR32,2013,23214.74
TR32,2014,23356.07
TR32,2015,25243.32
TR32,2016,25642.1
TR32,2017,24561.04
TR32,2018,21770.36
TR32,2019,22709.2
TR32,2020,19992.19
TR32,2021,22011.75
TR33,2010,19779.77
TR33,2011,19844.69
TR33,2012,22208.83
TR33,2013,22651.24
TR33,2014,22396.38
TR33,2015,24375.66
TR33,2016,25099.7
TR33,2017,24343.17
TR33,2018,21075.48
TR33,2019,21597.07
TR33,2020,20586.1
TR33,2021,21853.92
TR41,2010,32396.56
TR41,2011,33895.34
TR41,2012,37965.03
TR41,2013,40124.25
TR41,2014,39116.28
TR41,2015,42819.71
TR41,2016,43127.81
TR41,2017,42278.07
TR41,2018,37552.45
TR41,2019,37700.42
TR41,2020,34397.6
TR41,2021,38731.65
TR42,2010,32341.91
TR42,2011,34412.49
TR42,2012,38589.3
TR42,2013,40824.47
TR42,2014,40786.66
TR42,2015,45625.82
TR42,2016,45490.04
TR42,2017,45821.71
TR42,2018,41067.34
TR42,2019,40278.09
TR42,2020,38566.15
TR42,2021,45676.82
TR51,2010,55138.45
TR51,2011,56215.06
TR51,2012,63329.11
TR51,2013,69038.68
TR51,2014,65827.15
TR51,2015,71653.94
TR51,2016,74858.59
TR51,2017,69609.45
TR51,2018,58391.79
TR51,2019,62253.34
TR51,2020,59472.42
TR51,2021,63462.42
TR52,2010,13232.05
TR52,2011,13925.94
TR52,2012,16266.71
TR52,2013,17274.37
TR52,2014,17126.11
TR52,2015,18723.55
TR52,2016,18812.05
TR52,2017,18088.84
TR52,2018,15582.22
TR52,2019,16106.78
TR52,2020,15515.52
TR52,2021,15918.08
TR61,2010,24400.55
TR61,2011,24913.01
TR61,2012,27877.01
TR61,2013,28970.24
TR61,2014,28928.76
TR61,2015,31032.82
TR61,2016,28312.08
TR61,2017,27712.46
TR61,2018,26140.34
TR61,2019,28184.96
TR61,2020,20336.01
TR61,2021,24145.83
TR62,2010,22737.33
TR62,2011,22912.8
TR62,2012,26123.81
TR62,2013,26911.62
TR62,2014,26388.88
TR62,2015,29041.2
TR62,2016,29856.39
TR62,2017,28275.65
TR62,2018,24035.1
TR62,2019,25317.08
TR62,2020,24349.83
TR62,2021,26771.57
TR63,2010,14802.83
TR63,2011,15002.21
TR63,2012,16421.46
TR63,2013,17491.87
TR63,2014,17061.31
TR63,2015,18898.26
TR63,2016,19594.71
TR63,2017,19235.05
TR63,2018,16941.14
TR63,2019,16750.26
TR63,2020,15860.62
TR63,2021,18588.69
TR71,2010,8551.89
TR71,2011,8650.62
TR71,2012,9524.93
TR71,2013,9787.62
TR71,2014,9716.71
TR71,2015,10824.19
TR71,2016,10648.53
TR71,2017,10373.51
TR71,2018,8982.38
TR71,2019,9218.3
TR71,2020,8678.14
TR71,2021,9099.17
TR72,2010,14525.45
TR72,2011,14697.92
TR72,2012,16508.63
TR72,2013,17116.57
TR72,2014,16821.51
TR72,2015,18219.6
TR72,2016,18542.46
TR72,2017,17376.35
TR72,2018,14665.98
TR72,2019,15131.29
TR72,2020,14529.96
TR72,2021,15388.57
TR81,2010,5881.54
TR81,2011,6258.19
TR81,2012,6601.33
TR81,2013,6994.88
TR81,2014,7130.55
TR81,2015,7362.85
TR81,2016,7337.11
TR81,2017,7440.07
TR81,2018,6498.78
TR81,2019,5950.72
TR81,2020,5705.63
TR81,2021,6642.99
TR82,2010,4641.46
TR82,2011,4599.81
TR82,2012,5109.69
TR82,2013,5173.05
TR82,2014,5082.96
TR82,2015,5469.5
TR82,2016,5554.92
TR82,2017,5126.31
TR82,2018,4364.83
TR82,2019,4625.48
TR82,2020,4515.02
TR82,2021,4703.61
TR83,2010,14975.34
TR83,2011,14713.28
TR83,2012,16417.32
TR83,2013,16422.05
TR83,2014,15953.12
TR83,2015,17848.82
TR83,2016,17946.65
TR83,2017,16782.93
TR83,2018,13750.11
TR83,2019,14456.12
TR83,2020,13666.79
TR83,2021,13572.7
TR90,2010,14041.77
TR90,2011,13982.29
TR90,2012,16003.97
TR90,2013,16202.07
TR90,2014,15854.72
TR90,2015,18493.88
TR90,2016,17605.21
TR90,2017,16655.36
TR90,2018,13903.27
TR90,2019,14895.28
TR90,2020,13788.65
TR90,2021,13389.56
TRA1,2010,5786.37
TRA1,2011,5601.53
TRA1,2012,6540.69
TRA1,2013,6709.38
TRA1,2014,6351.86
TRA1,2015,6785.78
TRA1,2016,7045.02
TRA1,2017,6768.28
TRA1,2018,5600.13
TRA1,2019,5806.21
TRA1,2020,5580.08
TRA1,2021,5618.63
TRA2,2010,4079.32
TRA2,2011,4067.93
TRA2,2012,4700.33
TRA2,2013,4612.98
TRA2,2014,4215.69
TRA2,2015,4813.32
TRA2,2016,4971.21
TRA2,2017,4701.61
TRA2,2018,3887.26
TRA2,2019,4062.36
TRA2,2020,4021.83
TRA2,2021,3874.46
TRB1,2010,7793.51
TRB1,2011,8083.86
TRB1,2012,9082.6
TRB1,2013,9560.26
TRB1,2014,9105.19
TRB1,2015,9982.53
TRB1,2016,10171.94
TRB1,2017,9877.99
TRB1,2018,8296.31
TRB1,2019,8667.95
TRB1,2020,8447.43
TRB1,2021,8576.29
TRB2,2010,6370.9
TRB2,2011,6449.98
TRB2,2012,8200.98
TRB2,2013,7759.79
TRB2,2014,7509
TRB2,2015,8003.34
TRB2,2016,8309.77
TRB2,2017,7986.81
TRB2,2018,6903.08
TRB2,2019,7347.96
TRB2,2020,6973.82
TRB2,2021,6731.72
TRC1,2010,10649.54
TRC1,2011,11257.49
TRC1,2012,13546.61
TRC1,2013,14946.37
TRC1,2014,14908.19
TRC1,2015,17015.04
TRC1,2016,17015.64
TRC1,2017,16518.67
TRC1,2018,14644.85
TRC1,2019,14960.16
TRC1,2020,15049.33
TRC1,2021,17011.46
TRC2,2010,11320.93
TRC2,2011,11515.82
TRC2,2012,13078.78
TRC2,2013,14050.38
TRC2,2014,13221.9
TRC2,2015,14740.71
TRC2,2016,14683.24
TRC2,2017,14073.93
TRC2,2018,11638.63
TRC2,2019,12147.55
TRC2,2020,11235.96
TRC2,2021,11423.03
TRC3,2010,7679.69
TRC3,2011,7892.19
TRC3,2012,9077.42
TRC3,2013,9685.71
TRC3,2014,9529.04
TRC3,2015,10105.88
TRC3,2016,10092.76
TRC3,2017,10308.14
TRC3,2018,9032.84
TRC3,2019,9668.12
TRC3,2020,9183.71
TRC3,2021,9790.2
